Title,Price,Rating,Reviews,Availability,URL,Image_URL
VEENSHI Set of 63 Mix Anime Wall Posters | Anime Posters | Naruto | One piece | Demon Slayer | Jujutsu Kaisen | 300 GSM Thick Wall Poster of Anime | 6x4 inches-Paper,279.0,4.4,325.0,In stock,https://www.amazon.in/VEENSHI-Posters-Naruto-Slayer-Jujutsu/dp/B0BQ73D662/ref=sr_1_4,https://m.media-amazon.com/images/I/91rHVOKanlL._AC_UL320_.jpg
"Good Hope Monkey D. Luffy One Piece Anime Series Artwork for Room and Office Home wall Decoration Bedroom Living Gift Painting sticker wallpaper Boys Hostel (Monkey D. Luffy 2, 12 x 18 Inch Unframed)",189.0,4.5,2.0,In stock,https://www.amazon.in/GOOD-HOPE-Multicolour-Decoration-wallpaper/dp/B0CR6L241K/ref=sr_1_13,https://m.media-amazon.com/images/I/71IIEUJYKQL._AC_UL320_.jpg
VEENSHI Glass Set Of 20 Anime Wall Posters | Mix Posters Of Anime | Naruto | Onepiece | Demon Slayer| Attack On Titan| Jujutsu Kaisen And More | 300 Gsm Thick Anime Posters,279.0,4.2,434.0,In stock,https://www.amazon.in/VEENSHI-Posters-Naruto-Onepiece-Jujutsu/dp/B09RT35JFC/ref=sr_1_5,https://m.media-amazon.com/images/I/81gElIMtzxL._AC_UL320_.jpg
"Good Hope Goku Dragon Ball Series Anime Artwork for Room and Office Home wall Decoration Bedroom Living Gift Painting sticker wallpaper Boys Hostel. (Goku Design 1, 12 x 18 Inch Unframed)",179.0,4.5,6.0,In stock,https://www.amazon.in/GOOD-HOPE-Multicolour-Decoration-wallpaper/dp/B0CR6JYQ2H/ref=sr_1_10,https://m.media-amazon.com/images/I/81tGBo6q--L._AC_UL320_.jpg
"Moment Prints Goku Manga Collage Poster Set - Set of 20, 210 mm x 297 mm, W/Self-Adhesive, Premium-Quality Posters, 300 GSM Paper, Posters For Anime Fans (Goku Manga 1) - Glue Dots Included, Cardstock",359.0,4.5,54.0,In stock,https://www.amazon.in/Moment-Prints-Manga-Collage-Poster/dp/B0CPFPTJRV/ref=sr_1_6,https://m.media-amazon.com/images/I/91Q0mztnT8L._AC_UL320_.jpg
REDCLOUD Itachi Uchiha Naruto anime manga wall posters Set of 20 PEEL N STICK Self Adhesive Light weight posters for long lasting on Wall Posters for bedroom SIZE A4 Each,369.0,4.4,541.0,Only 1 left in stock.,https://www.amazon.in/REDCLOUD-Naruto-anime-manga-poster/dp/B0BQFQMG95/ref=sr_1_8,https://m.media-amazon.com/images/I/716hUCaiolL._AC_UL320_.jpg
"CLICKEDIN® Pack of 20 Anime One Piece Poster Merchandise For Wall Decoration Wallpaper For Wall Art, Room Decor Stickers Merch Posters",372.0,3.8,58.0,In stock,https://www.amazon.in/CLICKEDIN%C2%AE-Merchandise-Decoration-Wallpaper-Stickers/dp/B0CR7QZJYZ/ref=sr_1_9,https://m.media-amazon.com/images/I/81ED52boZsL._AC_UL320_.jpg
VEENSHI Set of 48 Manga Wall Collage kit | Mix Anime Manga Panels | Anime Room Posters | 300 GSM Thick Posters Sheets | Famouse Anime Posters,342.0,4.4,314.0,In stock,https://www.amazon.in/VEENSHI-Collage-jujutsu-vinland-onepiece/dp/B09QM46W19/ref=sr_1_7,https://m.media-amazon.com/images/I/91ZdmpHMq+L._AC_UL320_.jpg
"CLICKEDIN® Anime Merchandise One Piece Zoro Posters For Wall (20 Pieces) Self Adhesive, HD Printed Manga Merch Poster For Room Decoration (One piece - 2)",379.0,3.7,64.0,In stock,https://www.amazon.in/CLICKEDIN%C2%AE-Merchandise-Posters-Adhesive-Decoration/dp/B0CX1Y3CWY/ref=sr_1_11,https://m.media-amazon.com/images/I/91kQrvk76bL._AC_UL320_.jpg
"Artistic Decals Naruto Itachi Uchiha Wall Vinyl Decal Top Anime Wall Art Itachi Wall Sticker Vinyl Sticker Decor for Home Bedroom Design (Multi), (Size 59X53)",153.0,3.6,12.0,In stock,https://www.amazon.in/Artistic-Decals-sticker-Sticker-Bedroom/dp/B0CTGFH5WR/ref=sr_1_12,https://m.media-amazon.com/images/I/41kA3CIdsKL._AC_UL320_.jpg
"Artistic Decals Naruto Uzumaki Wall Vinyl Decal Top Anime Art Sticker Decor For Home Bedroom Design (Multipack Of 1 (Size 41X59Self-Adhesive, Wall, 410 Mm)",139.0,3.7,5.0,In stock,https://www.amazon.in/Artistic-Decals-Uzumaki-sticker-Sticker/dp/B0CTGJHNRZ/ref=sr_1_14,https://m.media-amazon.com/images/I/61osXrS9ElL._AC_UL320_.jpg
"CLICKEDIN® Pack Of 40 Manga Dragon Ball Z Posters For Living Room Wall, Anime Merchandise Poster Wallpaper",656.0,3.0,4.0,Only 2 left in stock.,https://www.amazon.in/CLICKEDIN%C2%AE-Dragon-Posters-Merchandise-Wallpaper/dp/B0CSWGFP79/ref=sr_1_15,https://m.media-amazon.com/images/I/A1pr-QSnIcL._AC_UL320_.jpg
VEENSHI Set of 36 one piece bounty poster | anime wall poster of one piece | poster of anime | onepiece room posters | 300 GSM | 9x6 inch,299.0,4.3,35.0,In stock,https://www.amazon.in/VEENSHI-onepiece-collage-Sizes_6x4-11-9x8-3/dp/B0BNNJPRBJ/ref=sr_1_16,https://m.media-amazon.com/images/I/811JWofLNAL._AC_UL320_.jpg
REDCLOUD Paper Set Of 20 Mix Anime PEEL N STICK Self Adhesive Light weight posters for long lasting on Wall Poster For Room A4 Size Anime posters for bedroom | Naruto anime | Demon slayer | Dragon ball z | Jujutsu kaisen | One piece | Attack on titan,369.0,4.3,273.0,In stock,https://www.amazon.in/REDCLOUD-Adhesive-posters-bedroom-Jujutsu/dp/B0B6STZR8S/ref=sr_1_17,https://m.media-amazon.com/images/I/71s7XLDtkTL._AC_UL320_.jpg
"Kundan Store - Satoru Gojo Anime Series Latest High Definition Wall Poster, Unframed, 12 * 18 Inches, Matte Finish Paper, Multi Color Poster",120.0,4.5,2.0,,https://www.amazon.in/Kundan-Store-Satoru-Definition-Unframed/dp/B0CQWJQBMV/ref=sr_1_18,https://m.media-amazon.com/images/I/71Yd3+YYk2L._AC_UL320_.jpg
Thepaper9store Naruto Wall Posters Anime Room Decor Self Adhesive Wall Poster Kit for Room Decoration Anime Decor (Pack of 30),269.0,4.5,87.0,In stock,https://www.amazon.in/Thepaper9store-Naruto-Posters-Adhesive-Decoration/dp/B0C87DGF44/ref=sr_1_20,https://m.media-amazon.com/images/I/91n2st9gtDL._AC_UL320_.jpg
"Posters Inc Anime Waifu Posters, Anime Merchandise Wall Decoration Items for Living Room, Home Decor Birthday Gifts for Men, 300 GSM Print, A4 Size Paper with Sticker Set of 12",278.0,4.4,6.0,In stock,https://www.amazon.in/Posters-Inc-Merchandise-Decoration-Birthday/dp/B0D6P49G8H/ref=sr_1_19,https://m.media-amazon.com/images/I/81c31PtWn8L._AC_UL320_.jpg
Clickedin Set of 40 Anime Manga Wall Posters with Self Adhesive of Jujutsu Kaisen/Naruto/Dragon Ball Z/AOT/One Punch Man/Spy X/My Hero Academia (Nearly A4 10 inch by 7 inch),448.0,4.0,28.0,In stock,https://www.amazon.in/Clickedin-Posters-Adhesive-Jujutsu-Academia/dp/B0C3J15L7J/ref=sr_1_27,https://m.media-amazon.com/images/I/A16JL6NJHcL._AC_UL320_.jpg
"Posters Inc Demon Slayer, Naruto, Death Note, One Piece Anime Posters for Wall, Aesthetic Home Decor Items for Living Room, Birthday Gifts for Men, 300 GSM HD Quality Print, 8x2.5 inch Size Pack of 40",359.0,4.0,11.0,In stock,https://www.amazon.in/Posters-Inc-Aesthetic-Birthday-Quality/dp/B0D37XTLC1/ref=sr_1_25,https://m.media-amazon.com/images/I/8195oei5wVL._AC_UL320_.jpg
"Good Hope Monkey D. Luffy One Piece Anime Series Artwork for Room and Office Home wall Decoration Bedroom Living Gift Painting sticker wallpaper Boys Hostel (Monkey D. Luffy 1, 10 x 13 Inch Framed)",379.0,5.0,5.0,In stock,https://www.amazon.in/GOOD-HOPE-Decoration-Painting-wallpaper/dp/B0CQK6SS1V/ref=sr_1_28,https://m.media-amazon.com/images/I/61vyRdBTtiL._AC_UL320_.jpg
FlyBuy HUB Anime Merchandise Naruto Posters For Walls (Set Of 20 Poster) Manga Anime Poster For Walls Size17.78x25.4 CM Self-Adhesive Poster,359.0,4.6,19.0,In stock,https://www.amazon.in/FlyBuy-HUB-Merchandise-Size17-78x25-4-Self-Adhesive/dp/B0CT5VZGTT/ref=sr_1_26,https://m.media-amazon.com/images/I/91Gpp-eutgL._AC_UL320_.jpg
"Anime Printed Posters, Various Anime Characters, Size: 12x4.5 inch (multicolor)",229.0,4.4,21.0,In stock,https://www.amazon.in/Anime-Wall-Posters-Variety-Characters/dp/B0D1N9JKW2/ref=sr_1_30,https://m.media-amazon.com/images/I/81Nh69+QknL._AC_UL320_.jpg
Vectopic Paper Set Of 10 Mix Anime Wall Poster For Room Long Size (12X8 Inch) Wall Poster Of Anime-Multicolor,350.0,4.4,6.0,In stock,https://www.amazon.in/Vectopic-Paper-Anime-Poster-Anime-Multicolor/dp/B0D8MNSYTN/ref=sr_1_29,https://m.media-amazon.com/images/I/61TFILCNZ2L._AC_UL320_.jpg
"Soulabiti Presents A Set Of 20 Anime Posters (Naruto, Madara, Sasuke, Jiraya, Itachi, Gaara, Kakashi, Hinata, Minato And More) With Double-Sided Tape A4 Size-Multicolor, Anime Poster For Wall - Paper",399.0,4.5,84.0,In stock,https://www.amazon.in/SoulAbiti-presents-posters-double-sided-Size-Multicolor/dp/B0BXPSX6WB/ref=sr_1_31,https://m.media-amazon.com/images/I/81l-pcN4nOL._AC_UL320_.jpg
"Anime Posters, Set of 10 Mix Anime posters for wall, Self Adhesive, A4 Size |Anime Posters For Gaming Room, Various Anime characters (Multicolor)",239.0,4.2,13.0,In stock,https://www.amazon.in/Posters-posters-Adhesive-Inches-Gaming/dp/B0D4666YLQ/ref=sr_1_32,https://m.media-amazon.com/images/I/81-S-9yh3IL._AC_UL320_.jpg
"Wallgasm Anime Poster Set Of 54, 4 X 6 Inches Paper Posters: Dragon Ball Z, Naruto, Death Note, One Piece, Attack On Titans - | Aesthetic Wall Decor | Posters For Bedroom | Anime Wall Poster",294.0,4.4,168.0,In stock,https://www.amazon.in/Wallgasm-Anime-poster-Inches-Posters/dp/B0CXSTVRW7/ref=sr_1_33,https://m.media-amazon.com/images/I/81WEf1A6SdL._AC_UL320_.jpg
"Soulabiti Demon Slayer Set Of 20 Anime Posters (Tanjiro, Giyu, Nezuko, Zenitsu, Inosuke, Shinobu, Rengoku, Daki, Akaza, & More) With Double-Sided Tape A4 Size-Multicolor, Anime Poster For Wall - Paper",399.0,4.5,40.0,In stock,https://www.amazon.in/SoulAbiti-posters-Tanjiro-double-sided-Size-Multicolor/dp/B0C2MXS16K/ref=sr_1_34,https://m.media-amazon.com/images/I/71GcXLC-LdL._AC_UL320_.jpg
"Kundan Store - Anime Wallpaper, Assorted Anime Characters hd Poster, Son Goku, HD Poster, 12 * 18 inches, Matte Finish Paper, unframed, Multi Color",110.0,0.0,0.0,,https://www.amazon.in/Kundan-Store-wallpaper-assorted-characters/dp/B0CR8H6HB9/ref=sr_1_36,https://m.media-amazon.com/images/I/81Q18e-SXbL._AC_UL320_.jpg
Thepaper9store One Piece Wanted posters|Set of 20 one piece Bounty posters for wall|Self Adhesive|8.3?12 Inches|Anime Posters For Room|(Post Wano Bounties),284.0,4.5,178.0,In stock,https://www.amazon.in/Thepaper9store-posters-Adhesive-Bounties-Post-Timeskip/dp/B0BY8ZGKD4/ref=sr_1_35,https://m.media-amazon.com/images/I/919OsA4EZsL._AC_UL320_.jpg
VEENSHI Paper Set Of 24 Mix Anime Wall Poster HDR Poster With Glossy Shine Anime Poster 300 GSM Poster (Size : 9X6 Inch),299.0,4.3,68.0,In stock,https://www.amazon.in/VEENSHI-anime-poster-glossy-shine/dp/B0CHBCG4VT/ref=sr_1_37,https://m.media-amazon.com/images/I/71OYsJYLZEL._AC_UL320_.jpg
GRAFICATIVE Dragon Ball Z Anime Goku Ultra Power Pose Poster | 12x18 Inches Size | Both Side Matte Lamination on 220gsm Paper | Unframed Rolled Poster with Double-Side Tape (Goku 03),289.0,4.6,6.0,In stock,https://www.amazon.in/GRAFICATIVE-Dragon-Lamination-Unframed-Double-Side/dp/B0D56BLGN1/ref=sr_1_38,https://m.media-amazon.com/images/I/71qZRLvTcEL._AC_UL320_.jpg
"Good Hope - Inner Peace Panda Poster for Room & Office (13 Inch X 19 Inch, Rolled) Home Wall Decoration Bedroom Living Gift Painting Sticker Wallpaper Boys Hostel",154.0,4.2,531.0,In stock,https://www.amazon.in/Good-Hope-Rolled-Poster-Multicolour/dp/B08D37Y3LG/ref=sr_1_40,https://m.media-amazon.com/images/I/71Hrudj8jUL._AC_UL320_.jpg
VEENSHI Paper Set Of 20 Sukuna Wall Collage Kit 300 Gsm Poster Anime Poster Jujutsu Kaisen Wall Posters,299.0,5.0,5.0,In stock,https://www.amazon.in/VEENSHI-sukuna-collage-jujutsu-posters/dp/B0CNRKMR8R/ref=sr_1_39,https://m.media-amazon.com/images/I/918uGXKCUkL._AC_UL320_.jpg
VEENSHI Set of 20 Itachi Manga Collage Kit Poster Naruto Wall Poster | A4 Size (11.9x8.3 inch) 300 GSM Poster-Paper,299.0,4.3,56.0,In stock,https://www.amazon.in/VEENSHI-naruto-poster-11-9x8-3-Poster/dp/B09XHR4F63/ref=sr_1_41,https://m.media-amazon.com/images/I/912Hbhaq7aL._AC_UL320_.jpg
MCSID RAZZ Engineered Wood - Demon Slayer - Rengoku - Final Words Design A4 Size Poster (With Frame) - Best Gift For Demon Slayer Fans/Best Artifacts To Your Home & Decor/For Anime Fandom,399.0,4.0,17.0,In stock,https://www.amazon.in/MCSID-RAZZ-Slayer-Rengoku-Artifacts/dp/B0C9HTT5PL/ref=sr_1_42,https://m.media-amazon.com/images/I/81a7F+oC8rL._AC_UL320_.jpg
"Posters Inc Jujutsu Kaisen Manga Panel Collage Art Kit, Anime Merchandise Wall Decoration Items for Living Room, Home Decor Birthday Gifts for Men, 300 GSM Print, A4 Size Paper with Sticker Set of 20",349.0,3.6,15.0,In stock,https://www.amazon.in/Posters-Inc-Merchandise-Decoration-Birthday/dp/B0D41NMG69/ref=sr_1_43,https://m.media-amazon.com/images/I/91-ARR0wyJL._AC_UL320_.jpg
"Redcloud Set of 12 mix Self Adhesive Light weight posters for long lasting on wall Anime Manga Wall Posters of Size - 4.5x12 inch each Poster Wall Decor Posters for Bedroom, Living Room, Study room Posters of Naruto Anime, Demon Slayer Anime, Jujutsu Kaisen Anime and more",259.0,4.1,259.0,In stock,https://www.amazon.in/RedCloud-Set-Anime-Posters-Size/dp/B0B44VK7SP/ref=sr_1_46,https://m.media-amazon.com/images/I/71F-fgJ8+HL._AC_UL320_.jpg
"PIXELARTZ One Piece Strong World Anime Poster - 12x18 Inches, Multicolor Art Paper Wall Decor for Home, Office, Room, Wall Decor",195.0,4.0,59.0,In stock,https://www.amazon.in/PIXELARTZ-Piece-Strong-Multicolor-Poster/dp/B073P8LMBX/ref=sr_1_44,https://m.media-amazon.com/images/I/81LKqLNvM+L._AC_UL320_.jpg
CodersParadise Aesthetic 54 Pcs Mix Anime Wall Collage Kit Posters - 4 x 6 Inches Self Adhesive Posters - Multicolor,279.0,4.5,945.0,In stock,https://www.amazon.in/CodersParadise-Aesthetic-Anime-Collage-Posters/dp/B0BD1QSZPG/ref=sr_1_45,https://m.media-amazon.com/images/I/816DC1aeP5L._AC_UL320_.jpg
"Moment Prints Luffy Colored Manga Collage Poster Set - Set of 20, 210 mm x 297 mm, 300 GSM Paper, One Piece Posters, Monkey D. Luffy Poster (Luffy Manga) - Glue Dots Included, Cardstock",359.0,4.6,20.0,In stock,https://www.amazon.in/Moment-Prints-Colored-Collage-Poster/dp/B0D7J1HNXZ/ref=sr_1_48,https://m.media-amazon.com/images/I/81DnBvT9NzL._AC_UL320_.jpg
"KARTMEN Set of 60 mix anime wall collage kit manga and color Small Wall Posters Set Collage for Home Office Decor (Size 6 in x 4 inch) 60 pieces,Paper",249.0,3.9,313.0,In stock,https://www.amazon.in/KARTMEN-collage-Posters-Collage-Office/dp/B0C9YBYD7Z/ref=sr_1_47,https://m.media-amazon.com/images/I/81Ll9v6GCdL._AC_UL320_.jpg
"kundan store -anime series Itachi Uchiha Badass high definition wall poster,12 * 18 inches, unframed, matte finish, multi color (with double sided tape)",125.0,0.0,0.0,,https://www.amazon.in/kundan-anime-Itachi-definition-unframed/dp/B0CQXHH5M4/ref=sr_1_50,https://m.media-amazon.com/images/I/61vYE8TitvL._AC_UL320_.jpg
PIXELPAGE PUBLICATIONS Anime Poster For Room - Set of 5 - Medium Size - Style One,129.0,2.9,4.0,In stock,https://www.amazon.in/PIXELPAGE-PUBLICATIONS-Anime-Poster-Room/dp/B0CPQ1TFC1/ref=sr_1_49,https://m.media-amazon.com/images/I/716+knRywDL._AC_UL320_.jpg
"Good Hope Goku Dragon Ball Series Anime Artwork for Room and Office Home wall Decoration Bedroom Living Gift Painting sticker wallpaper Boys Hostel. (Goku Design 3, 10 x 13 Inch Framed)",399.0,0.0,0.0,In stock,https://www.amazon.in/Good-Hope-Decoration-Painting-wallpaper/dp/B0CPWK5HTZ/ref=sr_1_51,https://m.media-amazon.com/images/I/71rHBBiN4fL._AC_UL320_.jpg
VEENSHI Paper Veensi Set Of 20 Zoro Mana Collage | Onepiece Posters | 300 GSM Thick Zoro Wall Decor | 11.9X8.3 Inch,299.0,4.3,16.0,Only 1 left in stock.,https://www.amazon.in/Veenshi-Manga-Collage-Poster-Onepiece/dp/B0CC671QX9/ref=sr_1_52,https://m.media-amazon.com/images/I/915G+l72QEL._AC_UL320_.jpg
"AD INFINITUM 300 GSM Paper Anime Naruto Akatsuki Wall Poster (Multicolour, 9 x 13 inches, Set of 10)",399.0,4.1,68.0,In stock,https://www.amazon.in/AD-INFINITUM-Naruto-Akatsuki-Multicolour/dp/B09FZH5GFB/ref=sr_1_53,https://m.media-amazon.com/images/I/91DzdJFG6ZL._AC_UL320_.jpg
"Kundan Store - Awesome cool anime wallpapers High Definition Poster, Unframed, 12 * 18 Inches, Matte Finish Paper, Multi Color",120.0,0.0,0.0,,https://www.amazon.in/Kundan-Store-wallpapers-Definition-Unframed/dp/B0D2BRPKH2/ref=sr_1_55,https://m.media-amazon.com/images/I/61dSj4qH3eL._AC_UL320_.jpg
"Posters Inc Perfect Anime Posters Wall Art Decor - A4 Size, Pack of 6, 300 GSM. Ideal for Aesthetic Room Decor, Gaming Room, Anime Accessories, Wall Stickers for Home, Bedroom & Wall Decorations An3",189.0,0.0,0.0,In stock,https://www.amazon.in/Posters-Inc-Perfect-Anime-Decor/dp/B0DVSMTVGC/ref=sr_1_54,https://m.media-amazon.com/images/I/61ADfzZ31bL._AC_UL320_.jpg
VEENSHI Paper Veensi Set Of 20 Zoro Mana Collage | Onepiece Posters | 300 GSM Thick Zoro Wall Decor | 11.9X8.3 Inch,299.0,4.3,16.0,Only 1 left in stock.,https://www.amazon.in/Veenshi-Manga-Collage-Poster-Onepiece/dp/B0CC671QX9/ref=sr_1_54,https://m.media-amazon.com/images/I/915G+l72QEL._AC_UL320_.jpg
"AD INFINITUM 300 GSM Paper Anime Naruto Akatsuki Wall Poster (Multicolour, 9 x 13 inches, Set of 10)",399.0,4.1,68.0,In stock,https://www.amazon.in/AD-INFINITUM-Naruto-Akatsuki-Multicolour/dp/B09FZH5GFB/ref=sr_1_53,https://m.media-amazon.com/images/I/91DzdJFG6ZL._AC_UL320_.jpg
"HASTHIP®1 Sheet 3D Wall Paper Sticker Anime Onepiece Monkey D Luffy 3D Wall Paper Self Adhesive PVC Wall Paper Removable Cartoon 3D Wall Paper for Kids Room, Bed Room, Living Room, 19.6 x27.5 inches",404.0,4.0,1.0,Only 1 left in stock.,https://www.amazon.in/HASTHIP%C2%AE1-Sticker-Onepiece-Adhesive-Removable/dp/B0CMCY1WVQ/ref=sr_1_56,https://m.media-amazon.com/images/I/61mxhkKncOL._AC_UL320_.jpg
"VEENSHI Paper Set Of 16 Manga Style Wall Poster Of Mix Anime Dragonball Z, Naruto, Jujutsu Kaisen And More Anime (Size - A4 (11.9X8.3) Inch)(Manga-1)",279.0,4.2,283.0,In stock,https://www.amazon.in/VEENSHI-poster-dragonball-naruto-jujutsu/dp/B09P69SW67/ref=sr_1_55,https://m.media-amazon.com/images/I/A1yfjvwK5ML._AC_UL320_.jpg
"kundan store - Anime Series Satoru Gojo HD Wall Poster, 12 * 18 inches, matte finish, unframed, multi color (with double sided tape)",115.0,5.0,1.0,,https://www.amazon.in/kundan-store-Satoru-Poster-unframed/dp/B0CQXMWDP1/ref=sr_1_58,https://m.media-amazon.com/images/I/718MzKnf22L._AC_UL320_.jpg
"Good Hope Goku Dragon Ball Series Anime Artwork for Room and Office Home wall Decoration Bedroom Living Gift Painting sticker wallpaper Boys Hostel. (Goku Design 3, 10 x 13 Inch Framed)",399.0,0.0,0.0,In stock,https://www.amazon.in/Good-Hope-Decoration-Painting-wallpaper/dp/B0CPWK5HTZ/ref=sr_1_59,https://m.media-amazon.com/images/I/71rHBBiN4fL._AC_UL320_.jpg
MCSID RAZZ - Demon Slayer - Design A4 Size Poster (With Frame) - Best Gift For Demon Slayer Fans/Best Artefact To Your Home & Decor/For Anime Fandom (Final Blow),399.0,4.6,3.0,In stock,https://www.amazon.in/MCSID-RAZZ-Slayer-Design-Artefact/dp/B0BQ6VGLX8/ref=sr_1_57,https://m.media-amazon.com/images/I/810nUqyHmyL._AC_UL320_.jpg
"Posters Inc Demon Slayer, Naruto, One Piece Anime Posters for Wall, Aesthetic Home Decor Items for Living Room, Birthday Gifts for Men, 300 GSM HD Quality Print, A4 Size Paper with Sticker, Pack of 20",379.0,3.5,4.0,In stock,https://www.amazon.in/Posters-Inc-Aesthetic-Birthday-Quality/dp/B0D37WNL44/ref=sr_1_60,https://m.media-amazon.com/images/I/81dT8t9sP7L._AC_UL320_.jpg
CodersParadise Paper Pack Of 6 - The Weeknd Wall Posters 8X12 Inch (A4 Size) Included Glue Dots Wall Decor Posters Wall Art,269.0,4.4,153.0,In stock,https://www.amazon.in/CodersParadise-Pack-Posters-Included-Bedroom/dp/B0CPQ3F975/ref=sr_1_62,https://m.media-amazon.com/images/I/81dKnGI-riL._AC_UL320_.jpg
KARTMEN Paper Set Of 20 Mix Anime Wall Poster For Room| Size_11.9X8.3 Inch A4 Size | 300 Gsm (Glue Dots Included),249.0,3.4,6.0,In stock,https://www.amazon.in/KARTMEN-Paper-Poster-Size_11-9X8-3-Included/dp/B0D2PDJ9SM/ref=sr_1_64,https://m.media-amazon.com/images/I/71NdDM5t3SL._AC_UL320_.jpg
N/A,0.0,5.0,0.0,N/A,https://www.amazon.in/locas-Beauty-Anime-Girls-Wallpapers/dp/B0DZP4P5FP/ref=sr_1_74,https://m.media-amazon.com/images/I/71t1VWuTvGL._AC_UL320_.png
INKLICK Set of 6 anime wall posters and color medium Wall Posters Set of 6 posters for Home Office Decor,129.0,3.0,1.0,In stock,https://www.amazon.in/INKLICK-posters-medium-Posters-Office/dp/B0DD7C46HX/ref=sr_1_63,https://m.media-amazon.com/images/I/81sTLPOlStL._AC_UL320_.jpg
PAPER PLANE DESIGN Naruto Set of 10 Poster A3 (12 in x 18 in Size) Unframed Thick Paper with Tape (NARUTO),349.0,4.2,113.0,In stock,https://www.amazon.in/PAPER-PLANE-DESIGN-Anime-Posters/dp/B09Q27YNKY/ref=sr_1_61,https://m.media-amazon.com/images/I/81h5+ph6aKL._AC_UL320_.jpg
CVANU Luffy Anime Character Design Printed on Fridge Door Vinyl Sticker Wallpaper (47.2inchX23.6inch)_F235,477.0,0.0,0.0,Only 1 left in stock.,https://www.amazon.in/CVANU-Character-Printed-Wallpaper-47-2inchX23-6inch/dp/B0CNJZD2GV/ref=sr_1_65,https://m.media-amazon.com/images/I/61W3L-wIhiL._AC_UL320_.jpg
"Twinster Anime Manga Posters (Pack of 40) with Self Adhesive of Jujutsu Kaisen/Naruto/Dragon Ball Z/AOT/one Punch Man/Spy X/My Hero Academia, Anime Merch for Wall Decor",379.0,3.7,37.0,In stock,https://www.amazon.in/Twinster-Posters-Adhesive-Jujutsu-Academia/dp/B0BQJJYB2V/ref=sr_1_67,https://m.media-amazon.com/images/I/A1EC-0XoUQL._AC_UL320_.jpg
VEENSHI paper set of 20 anime wall posters|mix posters of anime|naruto|onepiece|demon slayer| attack on titan| jujutsu kaisen and more|300 GSM Thick anime posters,319.0,3.9,13.0,In stock,https://www.amazon.in/VEENSHI-posters-onepiece-jujutsu-Posters/dp/B0DC3LWGGN/ref=sr_1_66,https://m.media-amazon.com/images/I/819JivYpFaL._AC_UL320_.jpg
"rousrie One Piece Wanted Poster Set (Pack of 22) With Self Adhesive, Size – (12 inch by 8 inch), Anime Posters merch for wall room decoration, Merchandise Gift For Anime Fans",289.0,4.2,15.0,In stock,https://www.amazon.in/rousrie-Piece-Wanted-Poster-Adhesive/dp/B0BSDQYW7S/ref=sr_1_68,https://m.media-amazon.com/images/I/A112xXsKz+L._AC_UL320_.jpg
"Unquote Abstract Anime Wall Décor Art Posters, Multicolor Set of 30 (10L x 15W cm) - Home & Room Decoration Stickers, 300 GSM Paper Boho Aesthetics Posters for Gifts with Double Sided Tape",299.0,4.4,565.0,In stock,https://www.amazon.in/UNQUOTE-Collection-Posters-Aesthetic-Decoration/dp/B0BR5YMD5P/ref=sr_1_73,https://m.media-amazon.com/images/I/91G39R8Sg9L._AC_UL320_.jpg
"Posters Inc Demon Slayer, Naruto, Manga Anime Action Figures Wall Posters, Home Decor Items for Living Room, Birthday Gifts for Men, 300 GSM HD Quality Print, A4 Size Paper with Sticker, Set of 20",499.0,5.0,2.0,In stock,https://www.amazon.in/Posters-Inc-Figures-Birthday-Quality/dp/B0D37Y3927/ref=sr_1_75,https://m.media-amazon.com/images/I/816crlljEQL._AC_UL320_.jpg
"Good Hope One Piece Comic Posters Set Of 20 Monkey D. luffy,Zoro Anime Poster for Room and Office (Multicolour, 9x12 Inch)",379.0,4.5,6.0,In stock,https://www.amazon.in/GOOD-HOPE-Posters-Monkey-Multicolour/dp/B0CWLMNR9V/ref=sr_1_76,https://m.media-amazon.com/images/I/A1da7JNiqWL._AC_UL320_.jpg
"kundan store - boruto wallpaper anime series high definition poster 12 * 18 inches, matte finish, multi color, unframed, with double sided tape",120.0,0.0,0.0,,https://www.amazon.in/kundan-store-wallpaper-definition-unframed/dp/B0CQWRDHFP/ref=sr_1_79,https://m.media-amazon.com/images/I/61I8WuaTUDL._AC_UL320_.jpg
"CVANU Naruto Vinyl Self-Adhesive Wall Decal Naruto Uzumaki Vinyl Sticker Anime Art Home Decor Image n19, Pack of 1, 90 x 60 x 0.1 Centimeters",267.0,3.7,33.0,In stock,https://www.amazon.in/CVANU-Naruto-Vinyl-Uzumaki-Sticker/dp/B07D5V4JT6/ref=sr_1_77,https://m.media-amazon.com/images/I/710Mq7ssLnL._AC_UL320_.jpg
Rousrie Paper Aesthetic Anime Wall Decor for Walls Decoration Size :4.00X6.00 Inches (Set of 63 Stickers Poster) Self-Adhesive Poster,269.0,3.5,69.0,In stock,https://www.amazon.in/Rousrie-Aesthetic-Anime-D%C3%A9cor-Decoration/dp/B0D1RB7XQZ/ref=sr_1_80,https://m.media-amazon.com/images/I/A1T4qzuuYAL._AC_UL320_.jpg
TURTLEWINGS | Zoro One Piece Anime Smiling Metal Print | HD Metal Wall Arts | Posters Frames (12 * 8 inches),899.0,5.0,1.0,In stock,https://www.amazon.in/TURTLEWINGS-Smiling-Posters-Frames-inches/dp/B0CGJF487Z/ref=sr_1_78,https://m.media-amazon.com/images/I/818pofnA1dL._AC_UL320_.jpg
Thepaper9store Demon Slayer Posters| Anime Wall Collage Kit|Self Adhesive|4 x 6 Inches|Demon Slayer Anime Theme Wall Collage Posters for Room Decoration(Set of 30),255.0,4.5,18.0,In stock,https://www.amazon.in/Thepaper9store-Posters-Collage-Adhesive-Decoration/dp/B0CGNSJPX4/ref=sr_1_82,https://m.media-amazon.com/images/I/91Gl7-A0zML._AC_UL320_.jpg
"Aurora Shopee Pinky Triangles Self-Adhesive PVC Vinyl Wallpaper for Living Room - (1000x45 cm), Peel and Stick Wall Stickers/DIY Wallpaper Suitable for Bedroom, Hotel & Cafe Wall Decor",398.0,3.3,31.0,In stock,https://www.amazon.in/Aurora-Shopee-Triangles-Self-Adhesive-Wallpaper/dp/B0DL67NSFZ/ref=sr_1_81,https://m.media-amazon.com/images/I/81BVJiR1zHL._AC_UL320_.jpg
Clickedin set of 24 mix anime wall poster for room long size (12x4.5 inch) wall poster of anime Unique Design Self-Adhesive Glossy Poster Size 4.5x12 Inches,352.0,4.0,11.0,In stock,https://www.amazon.in/Clickedin-poster-12x4-5-Unique-Self-Adhesive/dp/B0C9DX3YX1/ref=sr_1_84,https://m.media-amazon.com/images/I/91WbgJK12pL._AC_UL320_.jpg
VEENSHI Set of 40 Onepiece Manga Kit | Onpiece Posters | Luffy | Gear 5 | Shanks | Zoro | Sanji | Whitebeard | Ace and more | 9x6 inch - 300 GSM Thick Poster of Onepiece,349.0,4.2,46.0,In stock,https://www.amazon.in/VEENSHI-Onepiece-Onpiece-Posters-Whitebeard/dp/B09Q8VXVRB/ref=sr_1_83,https://m.media-amazon.com/images/I/A1n2y1JZxwL._AC_UL320_.jpg
"CodersParadise Porsche 911 Turbo S Wall Poster Frames | Aesthetic A4 Poster Frames For Home, Living Room, Bedroom and Office | Wall Frames Artworks | Hanging Theme Posters",299.0,4.2,61.0,In stock,https://www.amazon.in/CodersParadise-Porsche-Aesthetic-Bedroom-Artworks/dp/B0D4F1J6BN/ref=sr_1_85,https://m.media-amazon.com/images/I/61AkgjkuWRL._AC_UL320_.jpg
"Veenshi Anime Posters for Anime Decor Aesthetic Stuff, Cute Anime Stuff for Anime Room Decor for Bedroom, Anime Photocards for Anime Wall Decor, Anime Posters for Girls Room, Cute Anime Gift Idea for Teens",279.0,3.4,9.0,In stock,https://www.amazon.in/Veenshi-Posters-Aesthetic-Bedroom-Photocards/dp/B0B9HLH25L/ref=sr_1_86,https://m.media-amazon.com/images/I/81jnj4+JIZL._AC_UL320_.jpg
"All-Good Poster of Attack on Titan Anime Levi Eren Mikasa Wall Poster (Multicolor, 12x18 inch, 250 GSM Thick Paper) Combo of 6",299.0,3.9,25.0,In stock,https://www.amazon.in/All-Good-Poster-Attack-Size_12x18-Multicolor/dp/B08XP1H41Z/ref=sr_1_87,https://m.media-amazon.com/images/I/91dq9OknYFL._AC_UL320_.jpg
"Posters Inc Naruto Posters Manga Panel Collage Art Kit, Anime Merchandise Wall Decoration Items for Living Room, Home Decor Birthday Gifts for Men, 300 GSM Print, A4 Size Paper with Sticker Set of 20",359.0,0.0,0.0,In stock,https://www.amazon.in/Posters-Inc-Merchandise-Decoration-Birthday/dp/B0D37ZT4PC/ref=sr_1_88,https://m.media-amazon.com/images/I/91o+CanKYxL._AC_UL320_.jpg
"CodersParadise Pack of 6 - Lamborghini Sports Cars Wall Posters 8x12 inch (A4 Size) Included Glue dots Wall Decor Posters Wall Art For Bedroom, Living room-Paper",299.0,4.1,125.0,In stock,https://www.amazon.in/CodersParadise-Pack-Lamborghini-Posters-Included/dp/B0CPQ23MDD/ref=sr_1_89,https://m.media-amazon.com/images/I/71beX5Dsi2L._AC_UL320_.jpg
ENSEMBLE Set of 12 itachi collage kit | anime poster of naruto| 300 GSM Poster | size : 11.9x8.3 inch,219.0,4.7,4.0,In stock,https://www.amazon.in/ENSEMBLE-itachi-collage-poster-naruto/dp/B0CR175PJX/ref=sr_1_90,https://m.media-amazon.com/images/I/91DLYD0CcuL._AC_UL320_.jpg
NARUTO ANIME WALL POSTER | PACK OF 18 wall collage kit |ANIME WALL COLLAGE6 * 4 inches | Naruto Uzumaki |Sasuke Uchiha | Sakura Haruno,300.0,4.0,2.0,In stock,https://www.amazon.in/collage-COLLAGE6-Uzumaki-Uchiha-Sakura-Haruno/dp/B0CFXPHRTS/ref=sr_1_91,https://m.media-amazon.com/images/I/51W+vHF3faL._AC_UL320_.jpg
"Inephos Paper Room Rules Funny Poster, Grey, 12 inch X 18 inch",279.0,4.2,161.0,In stock,https://www.amazon.in/Inephos-Paper-Rules-Funny-Poster/dp/B09BZDZTM4/ref=sr_1_92,https://m.media-amazon.com/images/I/618CnfNdHRL._AC_UL320_.jpg
N/A,0.0,5.0,0.0,N/A,https://www.amazon.in/Doll-Wallpapers-HD-Realistic-Anime/dp/B0F1XSP9QV/ref=sr_1_100,https://m.media-amazon.com/images/I/813C0GUtCuL._AC_UL320_.png
Avikalp Exclusive Awi1435 Anime House in Forest Full HD Wallpapers (121cm x 91cm),2632.0,0.0,0.0,Available to ship in 1-2 days,https://www.amazon.in/Avikalp-Exclusive-Awi1435-Wallpapers-Background/dp/B075ZQBNK5/ref=sr_1_94,https://m.media-amazon.com/images/I/81mQ3EM3fzL._AC_UL320_.jpg
"Fit-in Trends Pack of 6 - Car Aesthetic Wall Art 8x12 Inch (A4 Size) 300 GSM | Sports and Race Car Posters - Porsche - For Bedroom, Living Room",249.0,4.6,14.0,In stock,https://www.amazon.in/Fit-Trends-Pack-Posters-Aesthetic/dp/B0DHLS92T8/ref=sr_1_96,https://m.media-amazon.com/images/I/91agMD60jKL._AC_UL320_.jpg
VEENSHI Set of 20 Mix Anime Wall Posters | Naruto | Demon Slayer | AOT | Jujutsu Kaisen and more Anime Posters | 300 GSM Thick Anime Wall Posters | 9x6 inch,299.0,4.4,8.0,In stock,https://www.amazon.in/VEENSHI-Posters-Naruto-Slayer-Jujutsu/dp/B0BNJ3655F/ref=sr_1_95,https://m.media-amazon.com/images/I/718Svb3eD1L._AC_UL320_.jpg
VEENSHI Set of 40 Naruto Posters | Manga Posters of Naruto | Itachi | Madara | Sasuke | Kakashi | Obito | Minato | Naruto Manga Page Posters | 300 GSM Thick | | 9x6 inch posters,379.0,4.3,245.0,In stock,https://www.amazon.in/VEENSHI-poster-naruto-11-7x8-3-posters/dp/B09Q8SG245/ref=sr_1_97,https://m.media-amazon.com/images/I/91m6frGQUNL._AC_UL320_.jpg
"Kundan Store - haikyuu manga Anime Series High Definition Wall Poster, 12 * 18 Inches, Matte Finish, Unframed, Multi Color",110.0,0.0,0.0,,https://www.amazon.in/Kundan-Store-haikyuu-Definition-Unframed/dp/B0CR1SWT3Z/ref=sr_1_98,https://m.media-amazon.com/images/I/81O75oLrOZL._AC_UL320_.jpg
N/A,0.0,0.0,0.0,N/A,https://www.amazon.in/Anime-Boy-Universe-Stylish-Wallpapers/dp/B0DY1WL7B6/ref=sr_1_103,https://m.media-amazon.com/images/I/61pPHe4eeTL._AC_UL320_.png
VEENSHI Set of 10 Anime Movie Poster | Your Name | Weathering With You | A Silent Voice | The Garden of Words | Spirted Away | 300 GSM Thick Anime Posters,249.0,3.9,24.0,In stock,https://www.amazon.in/Veenshi-Anime-Movie-Poster-Weathring/dp/B09SF1SNYB/ref=sr_1_99,https://m.media-amazon.com/images/I/911pwF+7rQL._AC_UL320_.jpg
"Good Hope Goku Dragon Ball Series Anime Artwork for Room and Office Home wall Decoration Bedroom Living Gift Painting sticker wallpaper Boys Hostel. (Goku Designs 2, 12 x 18 Inch Unframed)",189.0,0.0,0.0,In stock,https://www.amazon.in/GOOD-HOPE-Multicolour-Decoration-wallpaper/dp/B0CR6JJKT8/ref=sr_1_101,https://m.media-amazon.com/images/I/713MZmTpBNL._AC_UL320_.jpg
N/A,0.0,5.0,0.0,N/A,https://www.amazon.in/Picrew-Anime-Boy-Character-Wallpapers/dp/B0DXFV7496/ref=sr_1_102,https://m.media-amazon.com/images/I/71-qkX3op+L._AC_UL320_.png
N/A,0.0,0.0,0.0,N/A,https://www.amazon.in/ultron-Anime-wallpaper-4k/dp/B0DJM27HSS/ref=sr_1_106,https://m.media-amazon.com/images/I/814NdqJKcHL._AC_UL320_.png
"CodersParadise - 54 Pcs 4X6'' Size Wall Collage Kit Travel City Posters, Trendy Cities Travel Vintage Poster Set, Popular Cities Poster Glue Dots Included, 10.16 Cm",279.0,4.4,1.0,In stock,https://www.amazon.in/CodersParadise-54-Pcs-4x6-Size/dp/B0C1JZRTGR/ref=sr_1_102,https://m.media-amazon.com/images/I/A16p+EhXwGL._AC_UL320_.jpg
N/A,0.0,5.0,0.0,N/A,https://www.amazon.in/Anime-Clips-Wallpapers-Animation-Backgrounds/dp/B0DXFXJ1SL/ref=sr_1_104,https://m.media-amazon.com/images/I/81mmfrvtUJL._AC_UL320_.png
N/A,0.0,5.0,0.0,N/A,https://www.amazon.in/le-havers-Retro-Anime-Wallpaper/dp/B0DW9CJFQX/ref=sr_1_107,https://m.media-amazon.com/images/I/810xtE9TvbL._AC_UL320_.png
MCSID RAZZ - Naruto - Madara Uchiha - The Ghost of Uchiha A4 Size Poster (With Frame) - Best Gift For Naruto Fans -Multicolor,399.0,4.8,8.0,In stock,https://www.amazon.in/MCSID-RAZZ-Naruto-Madara-Multicolor/dp/B0BG5X9SDH/ref=sr_1_103,https://m.media-amazon.com/images/I/81rRPopLUVL._AC_UL320_.jpg
N/A,0.0,5.0,0.0,N/A,https://www.amazon.in/Playza-Games-Black-Anime-Wallpaper/dp/B0DTJF16HM/ref=sr_1_110,https://m.media-amazon.com/images/I/71hdK1iM9zL._AC_UL320_.png
"PRINTKARR Wooden Anime Wall Art Panel With Backlight - Jujutsu Kaisen, Sukuna Wall Hanging Decoration for Living Room, Bedroom, Drawing Room and Dining Room - Black (12X14 inch)",549.0,0.0,0.0,In stock,https://www.amazon.in/PRINTKARR-Wooden-Anime-Panel-Backlight/dp/B0DJNTWVMV/ref=sr_1_104,https://m.media-amazon.com/images/I/61JgyksiKOL._AC_UL320_.jpg
N/A,0.0,5.0,0.0,N/A,https://www.amazon.in/Anime-Girl-World-Pictures-Wallpapers/dp/B0DXFMRWWW/ref=sr_1_111,https://m.media-amazon.com/images/I/81PV+lZP2bL._AC_UL320_.png
N/A,0.0,0.0,0.0,N/A,https://www.amazon.in/havchaak-Anime-Pink-Aesthetic-Wallpapers/dp/B0DY58SDPY/ref=sr_1_115,https://m.media-amazon.com/images/I/81zyFBGqqWL._AC_UL320_.png
N/A,0.0,0.0,0.0,N/A,https://www.amazon.in/ayoubapp-Aesthetic-Anime-Wallpaper-HD/dp/B0DXFPDQPW/ref=sr_1_116,https://m.media-amazon.com/images/I/91g55PDQZgL._AC_UL320_.png
N/A,0.0,5.0,0.0,N/A,https://www.amazon.in/Cute-Anime-World-Character-Wallpapers/dp/B0DY1TWMN3/ref=sr_1_112,https://m.media-amazon.com/images/I/815t+xcOd9L._AC_UL320_.png
N/A,0.0,5.0,0.0,N/A,https://www.amazon.in/hajardev-Anime-Wallpaper-HD-4K/dp/B0DVQN9SZH/ref=sr_1_113,https://m.media-amazon.com/images/I/81N39G7yUUL._AC_UL320_.png
N/A,0.0,4.0,0.0,N/A,https://www.amazon.in/SoufDev-Ai-Anime-Wallpaper/dp/B0D5FJHG12/ref=sr_1_121,https://m.media-amazon.com/images/I/81NAznDxMoL._AC_UL320_.png
"PRINTKARR Wooden Anime Wall Art Panel With Backlight - Jujutsu Kaisen, Sukuna Wall Hanging Decoration for Living Room, Bedroom, Drawing Room and Dining Room - Black (16X18 inch)",899.0,0.0,0.0,In stock,https://www.amazon.in/PRINTKARR-Wooden-Anime-Panel-Backlight/dp/B0DJNVQ3GL/ref=sr_1_101,https://m.media-amazon.com/images/I/61JgyksiKOL._AC_UL320_.jpg
N/A,0.0,5.0,0.0,N/A,https://www.amazon.in/pixelworld-Anime-Wallpaper/dp/B0DB675CCH/ref=sr_1_123,https://m.media-amazon.com/images/I/81vwG+JNfwL._AC_UL320_.png
N/A,0.0,0.0,0.0,N/A,https://www.amazon.in/Anime-Live-wallpaper-4k-screensaver/dp/B0DV4RQW57/ref=sr_1_126,https://m.media-amazon.com/images/I/91IwX4hpRoL._AC_UL320_.png
N/A,0.0,0.0,0.0,N/A,https://www.amazon.in/locas-One-anime-piece-wallpaper/dp/B0DZQJ954C/ref=sr_1_128,https://m.media-amazon.com/images/I/81p8EzyYgfL._AC_UL320_.png
"Aurora Shopee Pinky Triangles Self-Adhesive PVC Vinyl Wallpaper for Living Room - (1000x45 cm), Peel and Stick Wall Stickers/DIY Wallpaper Suitable for Bedroom, Hotel & Cafe Wall Decor",398.0,3.3,31.0,In stock,https://www.amazon.in/Aurora-Shopee-Triangles-Self-Adhesive-Wallpaper/dp/B0DL67NSFZ/ref=sr_1_105,https://m.media-amazon.com/images/I/81BVJiR1zHL._AC_UL320_.jpg
N/A,0.0,5.0,0.0,N/A,https://www.amazon.in/locas-Sexy-Anime-Girl-Wallpaper/dp/B0DZP5ZSK4/ref=sr_1_125,https://m.media-amazon.com/images/I/81bDiZCF20L._AC_UL320_.png
ENSEMBLE Set of 12 itachi collage kit | anime poster of naruto| 300 GSM Poster | size : 11.9x8.3 inch,219.0,4.7,4.0,In stock,https://www.amazon.in/ENSEMBLE-itachi-collage-poster-naruto/dp/B0CR175PJX/ref=sr_1_108,https://m.media-amazon.com/images/I/91DLYD0CcuL._AC_UL320_.jpg
Clickedin set of 24 mix anime wall poster for room long size (12x4.5 inch) wall poster of anime Unique Design Self-Adhesive Glossy Poster Size 4.5x12 Inches,352.0,4.0,11.0,In stock,https://www.amazon.in/Clickedin-poster-12x4-5-Unique-Self-Adhesive/dp/B0C9DX3YX1/ref=sr_1_109,https://m.media-amazon.com/images/I/91WbgJK12pL._AC_UL320_.jpg
N/A,0.0,0.0,0.0,N/A,https://www.amazon.in/Anime-Icons-Wallpapers-Profile-Backgrounds/dp/B0DXFWCXJ5/ref=sr_1_131,https://m.media-amazon.com/images/I/71pjAeonS+L._AC_UL320_.png
ComicSense.xyz Satin Anime Inspired Cursed Tapestry Anime Theme Backdrop For Wall Hanging Home Decor Bedroom Living Room - 58 X 48 Inches,899.0,4.3,13.0,In stock,https://www.amazon.in/ComicSense-xyz-Inspired-Tapestry-Backdrop-Hanging/dp/B0D1YDN879/ref=sr_1_114,https://m.media-amazon.com/images/I/91V2rTGtCwL._AC_UL320_.jpg
N/A,0.0,5.0,0.0,N/A,https://www.amazon.in/Aesthetic-Anime-Wallpapers-Boys-Girls/dp/B0F216GG7H/ref=sr_1_129,https://m.media-amazon.com/images/I/81Z1AK30zxL._AC_UL320_.png
VEENSHI Set of 20 Mix Anime Wall Posters | Naruto | Demon Slayer | AOT | Jujutsu Kaisen and more Anime Posters | 300 GSM Thick Anime Wall Posters | 9x6 inch,299.0,4.4,8.0,In stock,https://www.amazon.in/VEENSHI-Posters-Naruto-Slayer-Jujutsu/dp/B0BNJ3655F/ref=sr_1_122,https://m.media-amazon.com/images/I/718Svb3eD1L._AC_UL320_.jpg
N/A,0.0,5.0,0.0,N/A,https://www.amazon.in/wallpaper_inlife-Anime-Wallpaper-HD/dp/B0DGDJ4CJ8/ref=sr_1_134,https://m.media-amazon.com/images/I/81PyrB3MI1L._AC_UL320_.png
N/A,0.0,5.0,0.0,N/A,https://www.amazon.in/jallal-Anime-Live-Wallpaper-4K/dp/B0DWXWFSZR/ref=sr_1_133,https://m.media-amazon.com/images/I/81Q0sO52qDL._AC_UL320_.png
N/A,0.0,5.0,0.0,N/A,https://www.amazon.in/Neon-Anime-Wallpaper-HD-4K/dp/B0DT7NC81S/ref=sr_1_132,https://m.media-amazon.com/images/I/81HhOqLYAkL._AC_UL320_.png
N/A,0.0,5.0,0.0,N/A,https://www.amazon.in/Neon-Anime-Wallpaper-4K-HD/dp/B0DV4HWY8Q/ref=sr_1_138,https://m.media-amazon.com/images/I/91KuNRnBI0L._AC_UL320_.png
N/A,0.0,5.0,0.0,N/A,https://www.amazon.in/Anime-PFP-Wallpapers-Pictures-Backgrounds/dp/B0DW2FPWYT/ref=sr_1_137,https://m.media-amazon.com/images/I/8174cY20PYL._AC_UL320_.png
N/A,0.0,5.0,0.0,N/A,https://www.amazon.in/regbastore-Anime-Boy-Wallpaper-4K/dp/B0DYKYZZSX/ref=sr_1_140,https://m.media-amazon.com/images/I/81uHzYbuoPL._AC_UL320_.png
N/A,0.0,5.0,0.0,N/A,https://www.amazon.in/Anime-Lovers-Profile-Picture-Wallpapers/dp/B0DXFNPJJG/ref=sr_1_139,https://m.media-amazon.com/images/I/81tXFGA789L._AC_UL320_.png
VEENSHI Set of 10 Anime Movie Poster | Your Name | Weathering With You | A Silent Voice | The Garden of Words | Spirted Away | 300 GSM Thick Anime Posters,249.0,3.9,24.0,In stock,https://www.amazon.in/Veenshi-Anime-Movie-Poster-Weathring/dp/B09SF1SNYB/ref=sr_1_127,https://m.media-amazon.com/images/I/911pwF+7rQL._AC_UL320_.jpg
N/A,0.0,0.0,0.0,N/A,https://www.amazon.in/oualiapp-Neon-Anime-Wallpapers-4K/dp/B0DYWFF1PF/ref=sr_1_136,https://m.media-amazon.com/images/I/813hAyW+ZkL._AC_UL320_.png
N/A,0.0,0.0,0.0,N/A,https://www.amazon.in/Aurora-Shopee-Blossom-Self-Adhesive-Wallpaper/dp/B0DL65YRCT/ref=sr_1_145,https://m.media-amazon.com/images/I/81jas8pKonL._AC_UL320_.jpg
"SoulAbiti Set of 20 Manga Style A4 Panels for Wall Art (119 cm X 105 cm, with Double sided tape) - Illustration for Anime Fans - Multicolor (Luffy Gear 5 Manga Panel)",399.0,4.3,22.0,In stock,https://www.amazon.in/SoulAbiti-Manga-Style-Panels-Double/dp/B0CLRHXLH7/ref=sr_1_124,https://m.media-amazon.com/images/I/81ZI9S1D9yL._AC_UL320_.jpg
N/A,0.0,0.0,0.0,N/A,https://www.amazon.in/Anime-Wallpaper-HD-Live-Backgrounds/dp/B0F28QL6QP/ref=sr_1_135,https://m.media-amazon.com/images/I/81rzfFFJ4uL._AC_UL320_.png
"Twinster Aesthetic Anime Wall Stickers Collage Kit,Set of 63 Poster for Room Decoration, Home Décor Items for Anime Lovers Self-Adhesive Size:4.0x6.0 Inches",299.0,3.8,42.0,In stock,https://www.amazon.in/Twinster-Aesthetic-Stickers-Decoration-Self-Adhesive/dp/B0CTKKZD7V/ref=sr_1_130,https://m.media-amazon.com/images/I/A19DiPzKmxL._AC_UL320_.jpg
N/A,0.0,5.0,0.0,N/A,https://www.amazon.in/Anime-Wallpapers-Kawaii-Vibes-Screen/dp/B0DCHKPTD1/ref=sr_1_142,https://m.media-amazon.com/images/I/81KOny4HdLL._AC_UL320_.png
N/A,0.0,5.0,0.0,N/A,https://www.amazon.in/regbastore-Anime-Couple-Wallpaper-HD/dp/B0DYKBJB9Z/ref=sr_1_141,https://m.media-amazon.com/images/I/81eMitHh4jL._AC_UL320_.png
N/A,0.0,5.0,0.0,N/A,https://www.amazon.in/Gekikara-Studio-Anime-Wallpapers-HD/dp/B0DNSX7FQF/ref=sr_1_143,https://m.media-amazon.com/images/I/81NenPtyKIL._AC_UL320_.png
N/A,0.0,0.0,0.0,N/A,https://www.amazon.in/le-havers-Chibi-Anime-Wallpaper/dp/B0DW9C3GZN/ref=sr_1_151,https://m.media-amazon.com/images/I/81jc7JZflNL._AC_UL320_.png
N/A,0.0,5.0,0.0,N/A,https://www.amazon.in/jallal-Anime-Aesthetic-Wallpaper-HD/dp/B0DWXSTTBW/ref=sr_1_144,https://m.media-amazon.com/images/I/91dh7vzi8TL._AC_UL320_.png
N/A,0.0,5.0,0.0,N/A,https://www.amazon.in/Anime-Wallpaper-ultra-hd-4K/dp/B0DQJJF3D2/ref=sr_1_146,https://m.media-amazon.com/images/I/91dqkfDN7zL._AC_UL320_.png
N/A,0.0,5.0,0.0,N/A,https://www.amazon.in/developerapp-Neon-Anime-Wallpaper-HD/dp/B0DS6KYK1R/ref=sr_1_148,https://m.media-amazon.com/images/I/91ASN4nHr-L._AC_UL320_.png
N/A,0.0,5.0,0.0,N/A,https://www.amazon.in/Coloring-Mandalas-wallpapers-christmas-whiteboard/dp/B0DWBCNBJ7/ref=sr_1_149,https://m.media-amazon.com/images/I/712XPJ4yb-L._AC_UL320_.png
N/A,0.0,5.0,0.0,N/A,https://www.amazon.in/Kimono-Dreams-Anime-Traditional-Wallpapers/dp/B0DXFTF326/ref=sr_1_150,https://m.media-amazon.com/images/I/71Yd9SehtaL._AC_UL320_.png
N/A,0.0,0.0,0.0,N/A,https://www.amazon.in/MyTees-Laminated-Painting-8inches-12inches/dp/B0DXBWLN5V/ref=sr_1_156,https://m.media-amazon.com/images/I/71D+WfzEACL._AC_UL320_.jpg
N/A,0.0,5.0,0.0,N/A,https://www.amazon.in/Virtual-Fun-Lifestyle-Offline-Adventure/dp/B0F141XJT5/ref=sr_1_149,https://m.media-amazon.com/images/I/81knlwt-vjL._AC_UL320_.png
N/A,0.0,5.0,0.0,N/A,https://www.amazon.in/le-havers-Dark-Anime-Wallpaper/dp/B0DT7L6Q39/ref=sr_1_147,https://m.media-amazon.com/images/I/81MK1INPL5L._AC_UL320_.png
Posters Inc Anime Motivational Posters Pack of 6 A4 Size 300 GSM Matte Paper Glue Dots Included Naruto Luffy Manga Zoro For Bedroom An14,189.0,0.0,0.0,In stock,https://www.amazon.in/Posters-Inc-Motivational-Included-Bedroom/dp/B0F1KPR47Z/ref=sr_1_153,https://m.media-amazon.com/images/I/61QPlWrY3YL._AC_UL320_.jpg
N/A,0.0,0.0,0.0,N/A,https://www.amazon.in/Posters-Inc-Poster-Included-Naruto/dp/B0F1KP31Q1/ref=sr_1_159,https://m.media-amazon.com/images/I/61xiRNC1-GL._AC_UL320_.jpg
Posters Inc Premium Anime Posters Pack of 6 A4 Size 300 GSM Matte Paper Glue Dots Included Naruto Manga Sukuna Cool Wall Art,189.0,0.0,0.0,In stock,https://www.amazon.in/Posters-Inc-Premium-Included-Naruto/dp/B0F1MY26PX/ref=sr_1_155,https://m.media-amazon.com/images/I/61mwti1rz5L._AC_UL320_.jpg
N/A,0.0,0.0,0.0,N/A,https://www.amazon.in/POSTERDADDY-Jujutsu-Kaisen-Multicolor-PD-14123/dp/B0BSV6HB6X/ref=sr_1_162,https://m.media-amazon.com/images/I/61KmCvyHtCL._AC_UL320_.jpg
INKLICK Set of 6 anime wall posters and color medium Wall Posters Set of 6 posters for Home Office Decor (Anime-A-1),129.0,4.5,0.0,In stock,https://www.amazon.in/INKLICK-posters-medium-Posters-Office/dp/B0DCZDP1YT/ref=sr_1_151,https://m.media-amazon.com/images/I/81bKpbn2g1L._AC_UL320_.jpg
"Soulabiti 20 Wanted One Piece Posters A4 Size (8.3 X 11.7 Inches) Luffy Gear 5 3 Billion Poster, Straw Hat Crew, Gold Roger, Shanks - Paper",398.0,4.6,42.0,In stock,https://www.amazon.in/SoulAbiti-Wanted-Posters-billion-Perfect/dp/B0C2ZRNHBB/ref=sr_1_152,https://m.media-amazon.com/images/I/71V6bW5VhFL._AC_UL320_.jpg
CVANU 25pcs Anime Jujutsu Kaisen Aesthetic Pattern Printed Collage Kit Posters with Double Sided Tape for Wall Decoration (6inchX4inch)_202310-122,179.0,3.6,5.0,In stock,https://www.amazon.in/CVANU-Aesthetic-Decoration-6inchX4inch-_202310-122/dp/B0CKVV4BL3/ref=sr_1_152,https://m.media-amazon.com/images/I/61kWRG79TGL._AC_UL320_.jpg
N/A,0.0,0.0,0.0,N/A,https://www.amazon.in/Posters-Inc-Perfect-Anime-Decor/dp/B0DVSLNN5S/ref=sr_1_170,https://m.media-amazon.com/images/I/613nu-5s1fL._AC_UL320_.jpg
Epic Stuff - Naruto - Jiraiya Crest Design A4 Wall Poster (With Frame) - Best Gifts For Naruto Fans/Anime Fandom (Multicolor),399.0,5.0,2.0,In stock,https://www.amazon.in/Epic-Stuff-Naruto-Jiraiya-Accessory/dp/B0BCZ7QT9V/ref=sr_1_154,https://m.media-amazon.com/images/I/41yIiyz2o7L._AC_UL320_.jpg
"ALL YOUR DESIGN Cartoon Theme PVC Vinyl Self Adhesive Kids Wallpaper(3x4 Feet, Design no. kids-wallpaper-pt12)",566.0,4.0,111.0,In stock,https://www.amazon.in/All-Your-Design-Wallpaper-kids-wallpaper-pt12/dp/B099RC62TL/ref=sr_1_150,https://m.media-amazon.com/images/I/71kXuPepuoS._AC_UL320_.jpg
DmcreativityCraft Nite Tails Kurama Chibi Naruto Poster Anime Posters for room Framed Paintings Wall Wallpaper with 1 Inch Hanging Frame Bedroom Desk Decor (9.5 x 12.5 inches),379.0,0.0,0.0,In stock,https://www.amazon.in/DmcreativityCraft-Posters-Paintings-Wallpaper-Hanging/dp/B0C5HNB27W/ref=sr_1_158,https://m.media-amazon.com/images/I/51uH+vM5KjL._AC_UL320_.jpg
"(Aniculture) Anime Wall Posters, A5 Size (15x20 cm), Pack of 12, HD Prints, 300 GSM, Self Adhesive, Wrinkle-Free, Naruto Poster Collection",349.0,0.0,0.0,In stock,https://www.amazon.in/Aniculture-Posters-Adhesive-Wrinkle-Free-Collection/dp/B0DYV8Q6GM/ref=sr_1_157,https://m.media-amazon.com/images/I/81wKIpqDrKL._AC_UL320_.jpg
N/A,0.0,0.0,0.0,N/A,https://www.amazon.in/VERRE-ART-Painting-Decoration-34x22inch/dp/B0C6ZT2L3P/ref=sr_1_173,https://m.media-amazon.com/images/I/71bna2mgAsL._AC_UL320_.jpg
N/A,0.0,0.0,0.0,N/A,https://www.amazon.in/Posters-Inc-Decoration-Living-Kitchen/dp/B0D8FWGGNK/ref=sr_1_172,https://m.media-amazon.com/images/I/71Lg1pua41L._AC_UL320_.jpg
"Kundan Store - Coolest Demon Slayer Anime Series Wall Poster, 12 * 18 Inches, Matte Finish, Unframed, Multi Color",120.0,0.0,0.0,,https://www.amazon.in/Kundan-Store-Coolest-Slayer-Unframed/dp/B0CR9CGCKV/ref=sr_1_161,https://m.media-amazon.com/images/I/61FnsyUND2L._AC_UL320_.jpg
Good Hope Dragon Ball Posters Set of 20 Anime Comic Poster For wall decor Goku Legends home bedroom living room hall Gift Item Wall Paintings Sticker wallpaper Hostel Boys Girls… (Dragon Ball Legends),399.0,0.0,0.0,In stock,https://www.amazon.in/Posters-Legends-bedroom-Paintings-wallpaper/dp/B0CXT62KBW/ref=sr_1_160,https://m.media-amazon.com/images/I/81zyJhRmrSL._AC_UL320_.jpg
"Aurora Shopee Beige Freestyle Self-Adhesive PVC Vinyl Wallpaper for Living Room - 200x45 cm, Peel and Stick Wall Stickers/DIY Wallpaper Suitable for Bedroom, Hotel & Cafe Wall Decor",98.0,0.0,0.0,In stock,https://www.amazon.in/Aurora-Shopee-Freestyle-Self-Adhesive-Wallpaper/dp/B0DGFB3RZJ/ref=sr_1_163,https://m.media-amazon.com/images/I/41IutCHNr1L._AC_UL320_.jpg
"Posters Inc Anime Motivational Poster A4 Pack of 6 Perfect Wall Decoration in Offices, Bedrooms, Hostels, Study & Living room, Featuring Quotes, 300 GSM, Aesthetic Designs, and Positive Vibes Am44",189.0,0.0,0.0,In stock,https://www.amazon.in/Posters-Inc-Motivational-Decoration-Featuring/dp/B0DVYYJKJ9/ref=sr_1_164,https://m.media-amazon.com/images/I/81IbCe7DU1L._AC_UL320_.jpg
CVANU 54pcs Anime Mini Poster with Double Sided Tape Self-Adhesive Poster for Wall Decoration (4inX6in)_A27,151.0,0.0,0.0,Only 2 left in stock.,https://www.amazon.in/CVANU-Poster-Double-Decoration-4inX6in/dp/B0CFTX7DPQ/ref=sr_1_169,https://m.media-amazon.com/images/I/7178fuxG3pL._AC_UL320_.jpg
VERRE ART Printed Framed Canvas Painting for Home Decor Office Wall Studio Wall Living Room Decoration (14x14inch Wooden Floater) - Retro Anime Wallpaper,899.0,0.0,0.0,Available to ship in 1-2 days,https://www.amazon.in/VERRE-ART-Painting-Decoration-14x14inch/dp/B0C6V4S7G8/ref=sr_1_174,https://m.media-amazon.com/images/I/61KX4tABpHL._AC_UL320_.jpg
"Posters Inc Perfect Anime Posters Wall Art Decor - A4 Size, Pack of 6, 300 GSM. Ideal for Aesthetic Room Decor, Gaming Room, Anime Accessories, Wall Stickers for Home, Bedroom & Wall Decorations An7",189.0,0.0,0.0,In stock,https://www.amazon.in/Posters-Inc-Perfect-Anime-Decor/dp/B0DVSKCMKX/ref=sr_1_177,https://m.media-amazon.com/images/I/61Z7Qm6U1VL._AC_UL320_.jpg
"(Aniculture) Satoru Gojo Anime Wall Posters, Pack of 4, A3 Size (30x42 cm), 300 GSM, Adhesive Back, Jujutsu Kaisen Character pack",349.0,0.0,0.0,In stock,https://www.amazon.in/Aniculture-Posters-Adhesive-Jujutsu-Character/dp/B0DSVYPRKB/ref=sr_1_171,https://m.media-amazon.com/images/I/818a15bfAcL._AC_UL320_.jpg
N/A,0.0,0.0,0.0,N/A,https://www.amazon.in/Kundan-Store-Frontline-Poster-Unframed/dp/B0DB6KQXT2/ref=sr_1_183,https://m.media-amazon.com/images/I/71j8099nosL._AC_UL320_.jpg
"ALL YOUR DESIGN Cartoon Theme PVC Vinyl Self Adhesive Kids Wallpaper(3x4 Feet, Design no. kids-wallpaper-pt10)",566.0,5.0,1.0,In stock,https://www.amazon.in/All-Your-Design-Wallpaper-kids-wallpaper-pt10/dp/B0996FK993/ref=sr_1_176,https://m.media-amazon.com/images/I/71WbsbDZqbS._AC_UL320_.jpg
N/A,0.0,0.0,0.0,N/A,https://www.amazon.in/All-Your-Design-Wallpaper-kids-wallpaper-pt02/dp/B0996BJR8C/ref=sr_1_184,https://m.media-amazon.com/images/I/71i1b6+2RfS._AC_UL320_.jpg
N/A,0.0,0.0,0.0,N/A,https://www.amazon.in/British-Terminal%C2%AE-Wallpaper-Waterproof-btwall9457-600/dp/B0C8NQTZJW/ref=sr_1_187,https://m.media-amazon.com/images/I/61xaNMzhKeL._AC_UL320_.jpg
N/A,0.0,0.0,0.0,N/A,https://www.amazon.in/Posters-Inc-Motivational-Decoration-Featuring/dp/B0DVQ22HXC/ref=sr_1_188,https://m.media-amazon.com/images/I/61XqCNVnCdL._AC_UL320_.jpg
"RedCloud Tanjiro Demon Slayer Anime Wall Poster of Size 12x18 inch | Adhesive Tape Attached Wall Decor Posters, Anime Posters, Wall Art For Bedroom, Living room, Office",135.0,4.3,7.0,In stock,https://www.amazon.in/RedCloud-Tanjiro-Adhesive-Attached-Posters/dp/B09FFV4CCR/ref=sr_1_175,https://m.media-amazon.com/images/I/7196TWLkUcL._AC_UL320_.jpg
N/A,0.0,0.0,0.0,N/A,https://www.amazon.in/RedCloud-Set-Anime-Posters-Size/dp/B0BJ7TZ9S3/ref=sr_1_189,https://m.media-amazon.com/images/I/710HzH0w9bL._AC_UL320_.jpg
"Psychedelic Collection Decorative Abstract Multicolor Anime Girl Music Lover and Pink Background Wallpaper Sticker for Fridge Decor (PVC Vinyl, Multicolor, 60 cm X 160 cm)",389.0,0.0,0.0,In stock,https://www.amazon.in/Psychedelic-Collection-Decorative-Multicolor-Background/dp/B09P59V9X5/ref=sr_1_179,https://m.media-amazon.com/images/I/71QKBEDY6zL._AC_UL320_.jpg
N/A,0.0,5.0,0.0,N/A,https://www.amazon.in/Anime-Virtual-Pregnant-Life-Simulator/dp/B0D5VLYNL6/ref=sr_1_190,https://m.media-amazon.com/images/I/8157jDXdrlL._AC_UL320_.png
"Brick Wallpaper - Self Adhesive PE Foam Brick Design 3D Wall Stickers Full Coverage DIY Wallpaper for Home Hotel Living Room Bedroom & Cafe 70 x 77cm, Appx. 5.8Sq Feet White -Pack Of 25",2799.0,4.0,105.0,In stock,https://www.amazon.in/Brick-Wallpaper-Adhesive-Stickers-Coverage/dp/B0CM127MX9/ref=sr_1_178,https://m.media-amazon.com/images/I/71r2FICFISL._AC_UL320_.jpg
"Kundan Store - Anime Series Itachi Uchiha Sharingan HD Wall Poster, 12 * 18 Inches, Unframed, Matte Finish, Multi Color",110.0,0.0,0.0,,https://www.amazon.in/Kundan-Store-Itachi-Sharingan-Unframed/dp/B0CTYS8RSQ/ref=sr_1_181,https://m.media-amazon.com/images/I/61SlP+-A7UL._AC_UL320_.jpg
"Posters Inc Naruto Posters, Anime Merchandise Wall Decoration Items for Living Room, Aesthetic Home Decor Item, Birthday Gifts for Men, Boyfriend, 300 GSM Print, Set of 6 A4 Size Paper with Gluedots",278.0,0.0,0.0,In stock,https://www.amazon.in/Posters-Inc-Merchandise-Decoration-Aesthetic/dp/B0DL83XN53/ref=sr_1_180,https://m.media-amazon.com/images/I/91n7B9QjL8L._AC_UL320_.jpg
"Flex Mix Anime Wall Self Adhesive Posters for room decoration collage kit aesthetic (Pack of 54, Size: 4x6 inch)",249.0,0.0,0.0,In stock,https://www.amazon.in/Adhesive-Posters-decoration-collage-aesthetic/dp/B0F14YXHK5/ref=sr_1_182,https://m.media-amazon.com/images/I/A1zVfdAw4zL._AC_UL320_.jpg
N/A,0.0,0.0,0.0,N/A,https://www.amazon.in/Posters-Inc-Motivational-Decoration-Featuring/dp/B0DVQ278C6/ref=sr_1_196,https://m.media-amazon.com/images/I/615YrYZ+seL._AC_UL320_.jpg
"Kundan Store - Anime Boys, Hisoka, Hunter HD Poster, Matte Finish Paper Print Poster, 12 * 18 Inches (Multi Color)",125.0,0.0,0.0,In stock,https://www.amazon.in/Kundan-Store-Hisoka-Hunter-Poster/dp/B0CRXBTLJT/ref=sr_1_185,https://m.media-amazon.com/images/I/61ZOwFgignL._AC_UL320_.jpg
N/A,0.0,0.0,0.0,N/A,https://www.amazon.in/All-Your-Design-Wallpaper-kids-wallpaper-pt09/dp/B0996D5F4P/ref=sr_1_200,https://m.media-amazon.com/images/I/71pAhz15CeS._AC_UL320_.jpg
"ALL YOUR DESIGN Cartoon Theme PVC Vinyl Self Adhesive Kids Wallpaper(4x5 Feet, Design no. kids-wallpaper-pt07)",999.0,3.7,11.0,In stock,https://www.amazon.in/All-Your-Design-Wallpaper-kids-wallpaper-pt07/dp/B0996VH7TR/ref=sr_1_186,https://m.media-amazon.com/images/I/71m-RZkEG7S._AC_UL320_.jpg
"Kundan Store - Male Samurai, Anime, Attack On Titan, Levi Ackerman High Definition Wall Poster, 12 * 18 Inches, Unframed, Matte Finish, Multi Color",125.0,0.0,0.0,,https://www.amazon.in/Kundan-Store-Ackerman-Definition-Unframed/dp/B0CQWKZ8GD/ref=sr_1_191,https://m.media-amazon.com/images/I/61q+EpWE2IL._AC_UL320_.jpg
GADGETS WRAP Canvas Gallery Wrap Framed for Home Office Studio Living Room Decoration (17x17inch) - Retro Anime Wallpaper,650.0,0.0,0.0,In stock,https://www.amazon.in/GADGETS-WRAP-Gallery-Decoration-17x17inch/dp/B0CYLGLW87/ref=sr_1_194,https://m.media-amazon.com/images/I/61QsM3br8lL._AC_UL320_.jpg
"Kundan Store Anime Series gojo satoru Jujutsu Kaisen Poster, 12 * 18 Inches, Unframed,Matte Finish, Multi Color",110.0,0.0,0.0,,https://www.amazon.in/Kundan-satoru-Jujutsu-Kaisen-Unframed/dp/B0CRJYKQ6C/ref=sr_1_193,https://m.media-amazon.com/images/I/51y4qtLy4IL._AC_UL320_.jpg
"Posters Inc Demon Slayer, Naruto, Manga Anime Action Figures Wall Posters, Aesthetic Home Decor Items for Living Room, Birthday Gifts for Men, 300 GSM HD Quality Print, 8x2.5 inch Size Set of 40",349.0,0.0,0.0,In stock,https://www.amazon.in/Posters-Inc-Figures-Aesthetic-Birthday/dp/B0D37Z92L9/ref=sr_1_192,https://m.media-amazon.com/images/I/81oxqoBdOSL._AC_UL320_.jpg
GADGETS WRAP Printed Photo Frame Matte Painting for Home Office Studio Living Room Decoration (11x9inch Black Framed) - Retro Anime Wallpaper,399.0,0.0,0.0,In stock,https://www.amazon.in/GADGETS-WRAP-Painting-Decoration-11x9inch/dp/B0CG4HR1N2/ref=sr_1_199,https://m.media-amazon.com/images/I/61cLMNyT5oL._AC_UL320_.jpg
"Posters Inc Anime Motivational Poster A4 Pack of 6 Perfect Wall Decoration in Offices, Bedrooms, Hostels, Study & Living room, Featuring Quotes, 300 GSM, Aesthetic Designs, and Positive Vibes Am49",189.0,0.0,0.0,In stock,https://www.amazon.in/Posters-Inc-Motivational-Decoration-Featuring/dp/B0DVZD16SW/ref=sr_1_198,https://m.media-amazon.com/images/I/81o4zEIBTbL._AC_UL320_.jpg
"Posters Inc Anime Motivational Poster A4 Pack of 6 Perfect Wall Decoration in Offices, Bedrooms, Hostels, Study & Living room, Featuring Quotes, 300 GSM, Aesthetic Designs, and Positive Vibes Am26",189.0,0.0,0.0,In stock,https://www.amazon.in/Posters-Inc-Motivational-Decoration-Featuring/dp/B0DVQ4JN88/ref=sr_1_195,https://m.media-amazon.com/images/I/61nae0fmNFL._AC_UL320_.jpg
N/A,0.0,0.0,0.0,N/A,https://www.amazon.in/All-Your-Design-Wallpaper-kids-wallpaper-pt09/dp/B0996GC428/ref=sr_1_204,https://m.media-amazon.com/images/I/718ay-zTMMS._AC_UL320_.jpg
"Kundan Store - Itachi, Madara Uchiha, Ninja, Anime Wall Poster HD, 12 * 18 Inches, Unframed, Matte Finish, Multi Color",110.0,0.0,0.0,,https://www.amazon.in/Kundan-Store-Itachi-Madara-Unframed/dp/B0CVYZGHC6/ref=sr_1_197,https://m.media-amazon.com/images/I/51owD0fl3lL._AC_UL320_.jpg
RKDECOR Superhero Anime Poster for Gaming Room Home Wall Decor (Size 24x36 Inch) S35,299.0,5.0,0.0,In stock,https://www.amazon.in/RKDECOR-Superhero-Anime-Poster-Gaming/dp/B0DRPQP6MD/ref=sr_1_198,https://m.media-amazon.com/images/I/81PBmwPIETL._AC_UL320_.jpg
N/A,0.0,0.0,0.0,N/A,https://www.amazon.in/Layers-Compatible-Realme-13-Wallpaper-Asthetic/dp/B0F21TW8FD/ref=sr_1_206,https://m.media-amazon.com/images/I/51uFhLF6JLL._AC_UL320_.jpg
N/A,0.0,0.0,0.0,N/A,https://www.amazon.in/Posterology-Aesthetic-Motivational-Posters-RoomDecor/dp/B0D11Y781C/ref=sr_1_209,https://m.media-amazon.com/images/I/81e0UibgZ8L._AC_UL320_.jpg
ZIBUYU® Cartoon Kids Growth Chart 50-200 CM Durable Canvas Wall Hanging Height Chart with Anime Design for Bedroom Decor & Educational Toddler to Teen Height Tracker Home Decoe Items,498.0,0.0,0.0,In stock,https://www.amazon.in/ZIBUYU%C2%AE-Cartoon-Durable-Hanging-Educational/dp/B0DQV52J1H/ref=sr_1_197,https://m.media-amazon.com/images/I/61WhsG228XL._AC_UL320_.jpg
N/A,0.0,0.0,0.0,N/A,https://www.amazon.in/Envogue-Wallpaper-GRAFFITI-design-Washable/dp/B074SY1R1N/ref=sr_1_210,https://m.media-amazon.com/images/I/51jlbm2HYUL._AC_UL320_.jpg
Layers skins Compatible for Vivo v50 5G Wallpaper-Asthetic Mobile Back Skin Rear Screen Guard Protector Film Wrap (Coverage - Back+Camera+Sides),189.0,0.0,0.0,In stock,https://www.amazon.in/Layers-Compatible-Vivo-v50-Wallpaper-Asthetic/dp/B0DYJXF6XK/ref=sr_1_200,https://m.media-amazon.com/images/I/5174KU8t5CL._AC_UL320_.jpg
N/A,0.0,0.0,0.0,N/A,https://www.amazon.in/Posterology-Posters-Aesthetic-Characters-Gifiting/dp/B0CZJYK4BC/ref=sr_1_212,https://m.media-amazon.com/images/I/61CDjmoncmL._AC_UL320_.jpg
N/A,0.0,0.0,0.0,N/A,https://www.amazon.in/POSTERDADDY-Banana-Finish-Multicolor-PD-16537/dp/B0BWYP97LP/ref=sr_1_217,https://m.media-amazon.com/images/I/61OrUS0hPIL._AC_UL320_.jpg
"ALL YOUR DESIGN Cartoon Theme PVC Vinyl Self Adhesive Kids Wallpaper(4x5 Feet, Design no. kids-wallpaper-pt11.)",999.0,0.0,0.0,In stock,https://www.amazon.in/All-Your-Design-Wallpaper-kids-wallpaper-pt11/dp/B09972HV52/ref=sr_1_202,https://m.media-amazon.com/images/I/7175RUqblTS._AC_UL320_.jpg
"British Terminal® Wallpaper for btwalls,Bedroom,Living Room,Kitchen,Hall,Office,Door,Fridge,Furniture Self Adhesive 3D Waterproof Vinyl Stickers || btwall9429-500",799.0,0.0,0.0,In stock,https://www.amazon.in/British-Terminal%C2%AE-Wallpaper-Waterproof-btwall9429-500/dp/B0C8NM3VGY/ref=sr_1_199,https://m.media-amazon.com/images/I/61-8AoNDNCL._AC_UL320_.jpg
"PRINTKARR Wooden Anime Eren Yeager Art Panel, Attack on Titan With Backlight - Wall Hanging Decoration for Living Room, Bedroom, Drawing Room, Dining Room, Stairs, and Office",749.0,4.1,0.0,In stock,https://www.amazon.in/PRINTKARR-Wooden-Yeager-Attack-Backlight/dp/B0DR1ZY5M4/ref=sr_1_201,https://m.media-amazon.com/images/I/61vVLXhWKHL._AC_UL320_.jpg
N/A,0.0,0.0,0.0,N/A,https://www.amazon.in/Layers-Compatible-Vivo-T3-Wallpaper-Asthetic/dp/B0F27NQ461/ref=sr_1_220,https://m.media-amazon.com/images/I/51pYkcCfM8L._AC_UL320_.jpg
N/A,0.0,0.0,0.0,N/A,https://www.amazon.in/All-Your-Design-Wallpaper-kids-wallpaper-pt01/dp/B0996B3DW1/ref=sr_1_221,https://m.media-amazon.com/images/I/71EkJq3l12S._AC_UL320_.jpg
N/A,0.0,0.0,0.0,N/A,https://www.amazon.in/All-Your-Design-Wallpaper-kids-wallpaper-pt09/dp/B0996YKN5M/ref=sr_1_222,https://m.media-amazon.com/images/I/718ay-zTMMS._AC_UL320_.jpg
N/A,0.0,0.0,0.0,N/A,https://www.amazon.in/All-Your-Design-Wallpaper-kids-wallpaper-pt08/dp/B0996C7D8T/ref=sr_1_225,https://m.media-amazon.com/images/I/71YQDQQ9TUS._AC_UL320_.jpg
"ALL YOUR DESIGN Cartoon Theme PVC Vinyl Self Adhesive Kids Wallpaper(3x5 Feet, Design no. kids-wallpaper-pt05)",699.0,0.0,0.0,In stock,https://www.amazon.in/All-Your-Design-Wallpaper-kids-wallpaper-pt05/dp/B0996BHYSL/ref=sr_1_203,https://m.media-amazon.com/images/I/71l2pZYy6JS._AC_UL320_.jpg
"Aurora Shopee Wallpaper for Living Room, Sliver Drops Peel and Stick Wall Stickers | DIY Wallpaper Suitable for Bedroom, Hotel & Cafe | Wall Decor |Self-Adhesive | PVC Vinyl - 200x60 cm",154.0,0.0,0.0,In stock,https://www.amazon.in/Wallpaper-Drops-Stickers-Suitable-Self-Adhesive/dp/B0DFDVTCS4/ref=sr_1_207,https://m.media-amazon.com/images/I/719hSTyIK8L._AC_UL320_.jpg
"ALL YOUR DESIGN Cartoon Theme PVC Vinyl Self Adhesive Kids Wallpaper(3x4 Feet, Design no. kids-wallpaper-pt11.)",566.0,5.0,1.0,In stock,https://www.amazon.in/All-Your-Design-Wallpaper-kids-wallpaper-pt11/dp/B0997BW8HG/ref=sr_1_205,https://m.media-amazon.com/images/I/7175RUqblTS._AC_UL320_.jpg
"British Terminal® Wallpaper for btwalls,Bedroom,Living Room,Kitchen,Hall,Office,Door,Fridge,Furniture Self Adhesive 3D Waterproof Vinyl Stickers || btwall9416-600",899.0,0.0,0.0,In stock,https://www.amazon.in/British-Terminal%C2%AE-Wallpaper-Waterproof-btwall9416-600/dp/B0C8NKZQZQ/ref=sr_1_211,https://m.media-amazon.com/images/I/61ZjMQmvowL._AC_UL320_.jpg
"British Terminal® Wallpaper for btwalls,Bedroom,Living Room,Kitchen,Hall,Office,Door,Fridge,Furniture Self Adhesive 3D Waterproof Vinyl Stickers || btwall9401-600",899.0,0.0,0.0,In stock,https://www.amazon.in/British-Terminal%C2%AE-Wallpaper-Waterproof-btwall9401-600/dp/B0C8NQG23M/ref=sr_1_208,https://m.media-amazon.com/images/I/51xXjCK4dML._AC_UL320_.jpg
Layers Skins Compatible for Nothing Phone 3A Wallpaper Asthetic Mobile Back Skin Rear Screen Guard Protector Film Wrap (Coverage - Back+Camera+Sides),189.0,0.0,0.0,In stock,https://www.amazon.in/Layers-Compatible-Nothing-3A-Wallpaper/dp/B0F1T9XDQ4/ref=sr_1_218,https://m.media-amazon.com/images/I/51ZNwmfZKKL._AC_UL320_.jpg
"British Terminal® Wallpaper for btwalls,Bedroom,Living Room,Kitchen,Hall,Office,Door,Fridge,Furniture Self Adhesive 3D Waterproof Vinyl Stickers || btwall9431-600",899.0,0.0,0.0,In stock,https://www.amazon.in/British-Terminal%C2%AE-Wallpaper-Waterproof-btwall9431-600/dp/B0C8NPYQ4Y/ref=sr_1_219,https://m.media-amazon.com/images/I/61lPiEE-onL._AC_UL320_.jpg
"Claritycart Heat Resistant Marble Wallpaper, Eco-Friendly Marble Texture Look Vinyl Self Adhesive Luxury Creative for Home Décor, Office, Kitchen, Bathroom (1, Green)",219.0,0.0,0.0,In stock,https://www.amazon.in/Claritycart-Resistant-Wallpaper-Eco-Friendly-Adhesive/dp/B0DG5Y4DV1/ref=sr_1_227,https://m.media-amazon.com/images/I/712pR2KQXbL._AC_UL320_.jpg
"VVWV The Cr7 King Cristiano Ronaldo Old Collection Portugal Real Football Player Posters for Wall Large Motivational Room Decoration (Transparent, 30.48 X 45.72)",149.0,3.6,5.0,In stock,https://www.amazon.in/VVWV-Cristiano-Collection-Motivational-Decoration/dp/B088NDG7BT/ref=sr_1_224,https://m.media-amazon.com/images/I/81n2mm7ZleL._AC_UL320_.jpg
"ALL YOUR DESIGN Cartoon Theme PVC Vinyl Self Adhesive Kids Wallpaper(3x4 Feet, Design no. kids-wallpaper-pt03)",566.0,0.0,0.0,In stock,https://www.amazon.in/All-Your-Design-Wallpaper-kids-wallpaper-pt03/dp/B0996BFPNR/ref=sr_1_223,https://m.media-amazon.com/images/I/617Nbka0D5S._AC_UL320_.jpg
"Gadgets Wrap Anime Girl Dragon Tattoo Kids Room Children Stylish Wall Art Sticker Decal, AG20-DRP-3738",525.0,0.0,0.0,Only 1 left in stock.,https://www.amazon.in/Gadgets-Children-Stylish-Sticker-AG20-DRP-3738/dp/B08GBG7N3V/ref=sr_1_226,https://m.media-amazon.com/images/I/51VydELISBL._AC_UL320_.jpg
N/A,0.0,0.0,0.0,N/A,https://www.amazon.in/Claritycart-Resistant-Wallpaper-Eco-Friendly-Adhesive/dp/B0DG5ZBLQ5/ref=sr_1_236,https://m.media-amazon.com/images/I/612oHYicDjL._AC_UL320_.jpg
"British Terminal® Wallpaper for btwalls,Bedroom,Living Room,Kitchen,Hall,Office,Door,Fridge,Furniture Self Adhesive 3D Waterproof Vinyl Stickers || btwall9452-500",799.0,0.0,0.0,In stock,https://www.amazon.in/British-Terminal%C2%AE-Wallpaper-Waterproof-btwall9452-500/dp/B0C8NLSP7L/ref=sr_1_228,https://m.media-amazon.com/images/I/615Ue4u5bnL._AC_UL320_.jpg
N/A,0.0,0.0,0.0,N/A,https://www.amazon.in/DIGITAL-PRINT-WORLD-Botanical-Background/dp/B0B1WT8KGC/ref=sr_1_238,https://m.media-amazon.com/images/I/81nQyhsZXzL._AC_UL320_.jpg
"ALL YOUR DESIGN Cartoon Theme PVC Vinyl Self Adhesive Kids Wallpaper(3x4 Feet, Design no. kids-wallpaper-pt08.)",566.0,0.0,0.0,In stock,https://www.amazon.in/All-Your-Design-Wallpaper-kids-wallpaper-pt08/dp/B0996FK3FM/ref=sr_1_229,https://m.media-amazon.com/images/I/71NDMqW2PjS._AC_UL320_.jpg
"Claritycart Heat Resistant Marble Wallpaper, Eco-Friendly Marble Texture Look Vinyl Self Adhesive Luxury Creative for Home Décor, Office, Kitchen, Bathroom (1, Pink)",205.0,0.0,0.0,In stock,https://www.amazon.in/Claritycart-Resistant-Wallpaper-Eco-Friendly-Adhesive/dp/B0DG61FRG5/ref=sr_1_230,https://m.media-amazon.com/images/I/510UE2kWRIL._AC_UL320_.jpg
"ALL YOUR DESIGN Cartoon Theme PVC Vinyl Self Adhesive Kids Wallpaper(3x5 Feet, Design no. kids-wallpaper-pt10.)",699.0,3.4,2.0,In stock,https://www.amazon.in/All-Your-Design-Wallpaper-kids-wallpaper-pt10/dp/B0997BTNMV/ref=sr_1_231,https://m.media-amazon.com/images/I/71bQj+cc8rS._AC_UL320_.jpg
"British Terminal® Wallpaper for btwalls,Bedroom,Living Room,Kitchen,Hall,Office,Door,Fridge,Furniture Self Adhesive 3D Waterproof Vinyl Stickers || btwall9497-600",899.0,0.0,0.0,In stock,https://www.amazon.in/British-Terminal%C2%AE-Wallpaper-Waterproof-btwall9497-600/dp/B0C8NL7NRK/ref=sr_1_232,https://m.media-amazon.com/images/I/611NwsmG+aL._AC_UL320_.jpg
N/A,0.0,0.0,0.0,N/A,https://www.amazon.in/GADGETS-WRAP-Skateboard-Graffiti-Scrapbook/dp/B07CS242R6/ref=sr_1_243,https://m.media-amazon.com/images/I/41ORQSK2UUL._AC_UL320_.jpg
"ALL YOUR DESIGN Cartoon Theme PVC Vinyl Self Adhesive Kids Wallpaper(3x4 Feet, Design no. kids-wallpaper-pt03)",566.0,1.0,1.0,In stock,https://www.amazon.in/All-Your-Design-Wallpaper-kids-wallpaper-pt03/dp/B0996BWB82/ref=sr_1_233,https://m.media-amazon.com/images/I/71MN9vvFrHS._AC_UL320_.jpg
"DIGITAL PRINT WORLD Floral Wallpaper Wall Sticker for Home D?cor, Living Room, Bedroom, Hall, Kids Room, Play Room(Self Adhesive Vinyl, Water Proof) (16 x 128 inch (14 sq.ft))(39-5E31-AQ5R)",550.0,0.0,0.0,In stock,https://www.amazon.in/Digital-Wallpaper-Sticker-Adhesive-39-5E31-AQ5R/dp/B0B29BFKG9/ref=sr_1_234,https://m.media-amazon.com/images/I/91qtVEBlBPS._AC_UL320_.jpg
"Claritycart Heat Resistant Marble Wallpaper, Eco-Friendly Marble Texture Look Vinyl Self Adhesive Luxury Creative for Home Décor, Office, Kitchen, Bathroom (1, Black)",205.0,0.0,0.0,In stock,https://www.amazon.in/Claritycart-Resistant-Wallpaper-Eco-Friendly-Adhesive/dp/B0DG5ZXVBG/ref=sr_1_235,https://m.media-amazon.com/images/I/51RJM6wT22L._AC_UL320_.jpg
"ALL YOUR DESIGN Cartoon Theme PVC Vinyl Self Adhesive Kids Wallpaper(3x4 Feet, Design no. kids-wallpaper-pt08)",566.0,0.0,0.0,In stock,https://www.amazon.in/All-Your-Design-Wallpaper-kids-wallpaper-pt08/dp/B0996TGJLQ/ref=sr_1_237,https://m.media-amazon.com/images/I/71YQDQQ9TUS._AC_UL320_.jpg
N/A,0.0,0.0,0.0,N/A,https://www.amazon.in/DIGITAL-PRINT-WORLD-Kingfisher-Background/dp/B0B1WVCTFQ/ref=sr_1_248,https://m.media-amazon.com/images/I/81Pk1BKqywL._AC_UL320_.jpg
"DIGITAL PRINT WORLD Pink Flower Design & Botanical Wallpaper for Home Decor, Living Room, Bedroom, Self Adhesive Vinyl, Water Proof | DWP-1883 (40 SQ.FT.(16 X 90 INCH) X 4 ROLL)",399.0,5.0,1.0,In stock,https://www.amazon.in/DIGITAL-PRINT-WORLD-Botanical-Wallpaper/dp/B09ZXWRCWL/ref=sr_1_240,https://m.media-amazon.com/images/I/51tcNLEILtL._AC_UL320_.jpg
"ALL YOUR DESIGN Cartoon Theme PVC Vinyl Self Adhesive Kids Wallpaper(3x4 Feet, Design no. kids-wallpaper-pt08.)",566.0,0.0,0.0,In stock,https://www.amazon.in/All-Your-Design-Wallpaper-kids-wallpaper-pt08/dp/B0996XLJ86/ref=sr_1_239,https://m.media-amazon.com/images/I/71JOaDWtc1S._AC_UL320_.jpg
N/A,0.0,0.0,0.0,N/A,https://www.amazon.in/Layers-Compatible-Vivo-Pro-Wallpaper-Asthetic/dp/B0F27PH2S7/ref=sr_1_248,https://m.media-amazon.com/images/I/51u1gol5XXL._AC_UL320_.jpg
N/A,0.0,0.0,0.0,N/A,https://www.amazon.in/Layers-Compatible-Vivo-T3-Wallpaper-Asthetic/dp/B0F27NQ461/ref=sr_1_247,https://m.media-amazon.com/images/I/51pYkcCfM8L._AC_UL320_.jpg
"DIGITAL PRINT WORLD Self Adhesive Wallpaper Wall Sticker for Home Decor, Living Room, Bedroom, Hall, (PVC Vinyl, Water Proof 10 sq.ft) 16 x 90 Inches Each Strip (16 x 90 inch (10 sq.ft))",400.0,5.0,1.0,In stock,https://www.amazon.in/DIGITAL-PRINT-WORLD-Adhesive-Wallpaper/dp/B0B1Q228DD/ref=sr_1_241,https://m.media-amazon.com/images/I/81eMqRZCuES._AC_UL320_.jpg
N/A,0.0,0.0,0.0,N/A,https://www.amazon.in/All-Your-Design-Wallpaper-kids-wallpaper-pt10/dp/B0997BTNMV/ref=sr_1_249,https://m.media-amazon.com/images/I/71bQj+cc8rS._AC_UL320_.jpg
N/A,0.0,0.0,0.0,N/A,https://www.amazon.in/DIGITAL-PRINT-WORLD-Botanical-Background/dp/B0B1WT8KGC/ref=sr_1_250,https://m.media-amazon.com/images/I/81nQyhsZXzL._AC_UL320_.jpg
"ALL YOUR DESIGN Cartoon Theme PVC Vinyl Self Adhesive Kids Wallpaper(3x4 Feet, Design no. kids-wallpaper-pt11.)",566.0,4.4,4.0,In stock,https://www.amazon.in/All-Your-Design-Wallpaper-kids-wallpaper-pt11/dp/B0996SHZXW/ref=sr_1_242,https://m.media-amazon.com/images/I/714Yf2Ydp6S._AC_UL320_.jpg
N/A,0.0,0.0,0.0,N/A,https://www.amazon.in/Layers-Compatible-16-Pro-Wallpaper-Asthetic/dp/B0DYZMBY7N/ref=sr_1_252,https://m.media-amazon.com/images/I/51E9IVAm+XL._AC_UL320_.jpg
N/A,0.0,0.0,0.0,N/A,https://www.amazon.in/Layers-Compatible-Realme-pro-Wallpaper-Asthetic/dp/B0DY1KHVRW/ref=sr_1_253,https://m.media-amazon.com/images/I/51QGCl7+WtL._AC_UL320_.jpg
N/A,0.0,0.0,0.0,N/A,https://www.amazon.in/ICHHA-HOUSE-Wallpaper-Wallpapers-Waterproof/dp/B0CGRRX9CW/ref=sr_1_254,https://m.media-amazon.com/images/I/617+jC6VjNL._AC_UL320_.jpg
"ALL YOUR DESIGN Cartoon Theme PVC Vinyl Self Adhesive Kids Wallpaper(3x4 Feet, Design no. kids-wallpaper-pt11)",566.0,0.0,0.0,In stock,https://www.amazon.in/All-Your-Design-Wallpaper-kids-wallpaper-pt11/dp/B0996ZRZNS/ref=sr_1_244,https://m.media-amazon.com/images/I/71KEDJe6eCS._AC_UL320_.jpg
N/A,0.0,0.0,0.0,N/A,https://www.amazon.in/Epic-Stuff-Attack-Design-Artefact/dp/B0C1NWQ7XL/ref=sr_1_256,https://m.media-amazon.com/images/I/91jCZAF8XtL._AC_UL320_.jpg
N/A,0.0,0.0,0.0,N/A,https://www.amazon.in/All-Your-Design-Wallpaper-kids-wallpaper-pt08/dp/B0996TGJLQ/ref=sr_1_259,https://m.media-amazon.com/images/I/71YQDQQ9TUS._AC_UL320_.jpg
N/A,0.0,0.0,0.0,N/A,https://www.amazon.in/All-Your-Design-Wallpaper-kids-wallpaper-pt08/dp/B0996C7D8T/ref=sr_1_260,https://m.media-amazon.com/images/I/71YQDQQ9TUS._AC_UL320_.jpg
"ICHHA HOUSE Self-Adhesive and Removable Vinyl Marble Paper for Kitchen Wallpaper PVC Bathroom Wall Stickers Wallpaper for Fridge Tabletop Wall Floor Home and Kitchen (60L x 800W, Cream)",627.0,4.0,3.0,In stock,https://www.amazon.in/ICHHA-HOUSE-Self-Adhesive-Removable-Wallpaper/dp/B0CK4C6VG5/ref=sr_1_245,https://m.media-amazon.com/images/I/41oH8YoswaL._AC_UL320_.jpg
N/A,0.0,0.0,0.0,N/A,https://www.amazon.in/British-Terminal%C2%AE-Wallpaper-Waterproof-btwall9497-600/dp/B0C8NL7NRK/ref=sr_1_265,https://m.media-amazon.com/images/I/611NwsmG+aL._AC_UL320_.jpg
"British Terminal® Wallpaper for btwalls,Bedroom,Living Room,Kitchen,Hall,Office,Door,Fridge,Furniture Self Adhesive 3D Waterproof Vinyl Stickers || btwall9500-200",399.0,0.0,0.0,In stock,https://www.amazon.in/British-Terminal%C2%AE-Wallpaper-Waterproof-btwall9500-200/dp/B0C8NKZBD3/ref=sr_1_247,https://m.media-amazon.com/images/I/61L9Bo5RHTL._AC_UL320_.jpg
N/A,0.0,0.0,0.0,N/A,https://www.amazon.in/VVWV-Cristiano-Collection-Motivational-Decoration/dp/B088NDG7BT/ref=sr_1_266,https://m.media-amazon.com/images/I/81n2mm7ZleL._AC_UL320_.jpg
N/A,0.0,0.0,0.0,N/A,https://www.amazon.in/Live-Crazy-Anime-Vertical-Poster/dp/B0D6BLDBDW/ref=sr_1_267,https://m.media-amazon.com/images/I/71T7Zagg-zL._AC_UL320_.jpg
"ALL YOUR DESIGN Cartoon Theme PVC Vinyl Self Adhesive Kids Wallpaper(3x4 Feet, Design no. kids-wallpaper-pt10)",566.0,0.0,0.0,In stock,https://www.amazon.in/All-Your-Design-Wallpaper-kids-wallpaper-pt10/dp/B0996VWBHK/ref=sr_1_246,https://m.media-amazon.com/images/I/71p9pSHEz9S._AC_UL320_.jpg
Layers Skins Compatible for Nothing Phone 3A Wallpaper Asthetic Mobile Back Skin Rear Screen Guard Protector Film Wrap (Coverage - Back+Camera+Sides),189.0,0.0,0.0,In stock,https://www.amazon.in/Layers-Compatible-Nothing-3A-Wallpaper/dp/B0F1T9XDQ4/ref=sr_1_246,https://m.media-amazon.com/images/I/51ZNwmfZKKL._AC_UL320_.jpg
N/A,0.0,0.0,0.0,N/A,https://www.amazon.in/Psychedelic-Collection-Decorative-Multicolor-Background/dp/B09P59V9X5/ref=sr_1_268,https://m.media-amazon.com/images/I/71QKBEDY6zL._AC_UL320_.jpg
N/A,0.0,0.0,0.0,N/A,https://www.amazon.in/Wallpaper-Drops-Stickers-Suitable-Self-Adhesive/dp/B0DFDVTCS4/ref=sr_1_270,https://m.media-amazon.com/images/I/719hSTyIK8L._AC_UL320_.jpg
"ALL YOUR DESIGN Cartoon Theme PVC Vinyl Self Adhesive Kids Wallpaper(3x4 Feet, Design no. kids-wallpaper-pt01)",566.0,4.0,3.0,In stock,https://www.amazon.in/All-Your-Design-Wallpaper-kids-wallpaper-pt01/dp/B0996B3DW1/ref=sr_1_245,https://m.media-amazon.com/images/I/71EkJq3l12S._AC_UL320_.jpg
N/A,0.0,0.0,0.0,N/A,https://www.amazon.in/British-Terminal%C2%AE-Wallpaper-Waterproof-btwall9452-500/dp/B0C8NLSP7L/ref=sr_1_274,https://m.media-amazon.com/images/I/615Ue4u5bnL._AC_UL320_.jpg
N/A,0.0,0.0,0.0,N/A,https://www.amazon.in/GADGETS-WRAP-Decal-Sticker-Decoration/dp/B0B65FLKF4/ref=sr_1_275,https://m.media-amazon.com/images/I/51A-P-7vKuL._AC_UL320_.jpg
Layers skins Compatible for Oppo A3X 5G Wallpaper-Asthetic Mobile Back Skin Rear Screen Guard Protector Film Wrap (Coverage - Back+Camera+Sides),189.0,0.0,0.0,In stock,https://www.amazon.in/Layers-Compatible-Oppo-A3X-Wallpaper-Asthetic/dp/B0DZVHCT3C/ref=sr_1_251,https://m.media-amazon.com/images/I/61BUCuOBjPL._AC_UL320_.jpg
"DIGITAL PRINT WORLD Self Adhesive Wallpaper Wall Sticker for Home Decor, Living Room, Bedroom, Hall, (PVC Vinyl, Water Proof 10 sq.ft) 16 x 90 Inches Each Strip (16 x 90 inch (10 sq.ft))",400.0,5.0,1.0,In stock,https://www.amazon.in/DIGITAL-PRINT-WORLD-Adhesive-Wallpaper/dp/B0B1Q228DD/ref=sr_1_257,https://m.media-amazon.com/images/I/81eMqRZCuES._AC_UL320_.jpg
N/A,0.0,0.0,0.0,N/A,https://www.amazon.in/Posters-Inc-Included-Naruto-Accessories/dp/B0F1KQL5W6/ref=sr_1_278,https://m.media-amazon.com/images/I/61x4k2tUToL._AC_UL320_.jpg
"RedCloud Tanjiro Demon Slayer Anime Wall Poster of Size 12x18 inch | Adhesive Tape Attached Wall Decor Posters, Anime Posters, Wall Art For Bedroom, Living room, Office",135.0,4.3,7.0,In stock,https://www.amazon.in/RedCloud-Tanjiro-Adhesive-Attached-Posters/dp/B09FFV4CCR/ref=sr_1_255,https://m.media-amazon.com/images/I/7196TWLkUcL._AC_UL320_.jpg
N/A,0.0,0.0,0.0,N/A,https://www.amazon.in/Kundan-Store-Itachi-Sharingan-Unframed/dp/B0CTYS8RSQ/ref=sr_1_280,https://m.media-amazon.com/images/I/61SlP+-A7UL._AC_UL320_.jpg
"Set Of 9 Anime Wall Posters, Mix Posters Of Anime, HunterXHunter, Onepiece, Demon Slayer, Jujutsu Kaisen, 300 GSM Thick, 21 x 29.7 CM",249.0,4.1,0.0,In stock,https://www.amazon.in/Posters-HunterXHunter-Onepiece-Slayer-Jujutsu/dp/B0DN298X4H/ref=sr_1_258,https://m.media-amazon.com/images/I/81k6Nj9zCRL._AC_UL320_.jpg
N/A,0.0,0.0,0.0,N/A,https://www.amazon.in/GADGETS-WRAP-Painting-Decoration-11x9inch/dp/B0CG4HR1N2/ref=sr_1_282,https://m.media-amazon.com/images/I/61cLMNyT5oL._AC_UL320_.jpg
N/A,0.0,0.0,0.0,N/A,https://www.amazon.in/All-Your-Design-Wallpaper-kids-wallpaper-pt11/dp/B09972HV52/ref=sr_1_284,https://m.media-amazon.com/images/I/7175RUqblTS._AC_UL320_.jpg
Posters Inc Anime Motivational Posters Pack of 6 A4 Size 300 GSM Matte Paper Glue Dots Included Naruto Luffy Manga Zoro For Bedroom An14,189.0,0.0,0.0,In stock,https://www.amazon.in/Posters-Inc-Motivational-Included-Bedroom/dp/B0F1KPR47Z/ref=sr_1_272,https://m.media-amazon.com/images/I/61QPlWrY3YL._AC_UL320_.jpg
N/A,0.0,0.0,0.0,N/A,https://www.amazon.in/Kundan-Store-Frontline-Poster-Unframed/dp/B0DB6KQXT2/ref=sr_1_286,https://m.media-amazon.com/images/I/71j8099nosL._AC_UL320_.jpg
Posters Inc Premium Anime Posters Pack of 6 A4 Size 300 GSM Matte Paper Glue Dots Included Naruto Manga Sukuna Cool Wall Art,189.0,0.0,0.0,In stock,https://www.amazon.in/Posters-Inc-Premium-Included-Naruto/dp/B0F1MY26PX/ref=sr_1_276,https://m.media-amazon.com/images/I/61mwti1rz5L._AC_UL320_.jpg
"Kundan Store Anime Series gojo satoru Jujutsu Kaisen Poster, 12 * 18 Inches, Unframed,Matte Finish, Multi Color",110.0,0.0,0.0,,https://www.amazon.in/Kundan-satoru-Jujutsu-Kaisen-Unframed/dp/B0CRJYKQ6C/ref=sr_1_269,https://m.media-amazon.com/images/I/51y4qtLy4IL._AC_UL320_.jpg
N/A,0.0,0.0,0.0,N/A,https://www.amazon.in/Claritycart-Resistant-Wallpaper-Eco-Friendly-Adhesive/dp/B0DG5Y4DV1/ref=sr_1_287,https://m.media-amazon.com/images/I/712pR2KQXbL._AC_UL320_.jpg
N/A,0.0,0.0,0.0,N/A,https://www.amazon.in/All-Your-Design-Wallpaper-kids-wallpaper-pt03/dp/B0996BWB82/ref=sr_1_288,https://m.media-amazon.com/images/I/71MN9vvFrHS._AC_UL320_.jpg
N/A,0.0,0.0,0.0,N/A,https://www.amazon.in/Digital-Wallpaper-Sticker-Adhesive-39-5E31-AQ5R/dp/B0B29BFKG9/ref=sr_1_289,https://m.media-amazon.com/images/I/91qtVEBlBPS._AC_UL320_.jpg
Posters Inc Sophisticated Anime Posters Pack of 6 A4 Size 300 GSM Matte Paper Glue Dots Included Naruto Manga Sukuna Cool Bedroom Decor,189.0,0.0,0.0,In stock,https://www.amazon.in/Posters-Inc-Sophisticated-Included-Bedroom/dp/B0F1MYSLNL/ref=sr_1_277,https://m.media-amazon.com/images/I/61Ugy+WQvNL._AC_UL320_.jpg
N/A,0.0,0.0,0.0,N/A,https://www.amazon.in/Kundan-Store-Vergil-Definition-Unframed/dp/B0D9R9LV1R/ref=sr_1_290,https://m.media-amazon.com/images/I/71sUYBZalBL._AC_UL320_.jpg
N/A,0.0,0.0,0.0,N/A,https://www.amazon.in/woozy-work-Wooden-Deocration-Wallpaper/dp/B0BWYKBQR9/ref=sr_1_291,https://m.media-amazon.com/images/I/41YSyi-FLcL._AC_UL320_.jpg
INKLICK Set of 6 anime wall posters and color medium Wall Posters Set of 6 posters for Home Office Decor (Anime-A-1),129.0,0.0,0.0,In stock,https://www.amazon.in/INKLICK-posters-medium-Posters-Office/dp/B0DCZDP1YT/ref=sr_1_273,https://m.media-amazon.com/images/I/81bKpbn2g1L._AC_UL320_.jpg
REDCLOUD my hero academia anime wall poster,251.0,4.4,2.0,In stock,https://www.amazon.in/hero-academia-anime-poster-REDCLOUD/dp/B09DBFXT4G/ref=sr_1_271,https://m.media-amazon.com/images/I/71DYo9SOusL._AC_UL320_.jpg
N/A,0.0,0.0,0.0,N/A,https://www.amazon.in/VEENSHI-goku-poster-anime-posters/dp/B0D1CCHSVH/ref=sr_1_294,https://m.media-amazon.com/images/I/71AROb3VVJL._AC_UL320_.jpg
N/A,0.0,0.0,0.0,N/A,https://www.amazon.in/Aniculture-Posters-Adhesive-Wrinkle-Free-Collection/dp/B0DYV8Q6GM/ref=sr_1_296,https://m.media-amazon.com/images/I/81wKIpqDrKL._AC_UL320_.jpg
"Namaste Home 15 inch Laptop Skin - Colorful Wallpaper - Laptop Sticker - HD Quality (Eco Matte Vinyl, 15.6 inch, Multicolor)",249.0,0.0,0.0,In stock,https://www.amazon.in/Namaste-Home-inch-Laptop-Skin/dp/B09JM28YD8/ref=sr_1_279,https://m.media-amazon.com/images/I/61gViYD-EiL._AC_UL320_.jpg
Posters Inc Aesthetic Anime Posters Pack of 6 A4 Size 300 GSM Matte Paper Glue Dots Included Naruto Manga Zoro Gojo Cool Room Decor An172,189.0,0.0,0.0,In stock,https://www.amazon.in/Posters-Inc-Aesthetic-Included-Naruto/dp/B0F1KNJCBG/ref=sr_1_285,https://m.media-amazon.com/images/I/614bNbeYNtL._AC_UL320_.jpg
N/A,0.0,5.0,0.0,N/A,https://www.amazon.in/Sad-Anime-Profile-Wallpapers-Collection/dp/B0D524SVVH/ref=sr_1_294,https://m.media-amazon.com/images/I/71rS4UjCAeL._AC_UL320_.png
N/A,0.0,5.0,0.0,N/A,https://www.amazon.in/Japan-Wallpapers-Anime-Sakura-Mount/dp/B0D45G9QR4/ref=sr_1_295,https://m.media-amazon.com/images/I/81tpDkPrfoL._AC_UL320_.png
N/A,0.0,0.0,0.0,N/A,https://www.amazon.in/inspire-TA-Itachi-Painting-Laminated/dp/B0CRC2HWTS/ref=sr_1_297,https://m.media-amazon.com/images/I/61jUR7fmnjL._AC_UL320_.jpg
N/A,0.0,0.0,0.0,N/A,https://www.amazon.in/appben-Anime-Wallpaper-HD-4K/dp/B0D2JL9ZKS/ref=sr_1_298,https://m.media-amazon.com/images/I/81PwncmVwzL._AC_UL320_.png
N/A,0.0,0.0,0.0,N/A,https://www.amazon.in/Bengstudio-Anime-Live-Wallpaper-Maker/dp/B0D1NM6T6S/ref=sr_1_300,https://m.media-amazon.com/images/I/816KxfisOkL._AC_UL320_.png
"ALL YOUR DESIGN Cartoon Theme PVC Vinyl Self Adhesive Kids Wallpaper(3x4 Feet, Design no. kids-wallpaper-pt03)",566.0,0.0,0.0,In stock,https://www.amazon.in/All-Your-Design-Wallpaper-kids-wallpaper-pt03/dp/B0996BFPNR/ref=sr_1_283,https://m.media-amazon.com/images/I/617Nbka0D5S._AC_UL320_.jpg
Posters Inc Naruto Anime Posters Pack of 6 A4 Size 300 GSM Matte Paper Glue Dots Included Featuring Sukuna Manga Zoro Cool Wall Accessories An267,189.0,0.0,0.0,In stock,https://www.amazon.in/Posters-Inc-Included-Featuring-Accessories/dp/B0F1KP7FLN/ref=sr_1_292,https://m.media-amazon.com/images/I/61gOA42jczL._AC_UL320_.jpg
"ATEVON Jujutsu Kaisen-Japanese manga| PACK OF 18 Manga wall collage kit |Anime wall poster 6 * 4 inches (300 GSM,Multicolor) Yuji Itadori | Megumi Fushiguro | Nobara Kugasaki",299.0,0.0,0.0,In stock,https://www.amazon.in/ATEVON-Kaisen-Japanese-18-Multicolor-Fushiguro/dp/B0DWXHH7MN/ref=sr_1_281,https://m.media-amazon.com/images/I/81Cj1yLoa-L._AC_UL320_.jpg
N/A,0.0,0.0,0.0,N/A,https://www.amazon.in/Emo-Anime-Wallpapers-Aesthetic-Backgrounds/dp/B0CZKXS9BR/ref=sr_1_303,https://m.media-amazon.com/images/I/81PilbPmiIL._AC_UL320_.png
N/A,0.0,2.0,0.0,N/A,https://www.amazon.in/ATC-Inc-Anime-Wallpaper-HD/dp/B0D3QNDQWB/ref=sr_1_296,https://m.media-amazon.com/images/I/81kDZ+taYIL._AC_UL320_.png
N/A,0.0,0.0,0.0,N/A,https://www.amazon.in/POSTERDADDY-Finish-Poster-Multicolor-PD-12614/dp/B0BSXH9W41/ref=sr_1_304,https://m.media-amazon.com/images/I/51cwEeye+kL._AC_UL320_.jpg
N/A,0.0,0.0,0.0,N/A,https://www.amazon.in/PRINTKARR-Backlight-Hanging-Decoration-Bedroom/dp/B0DMKWM2M2/ref=sr_1_306,https://m.media-amazon.com/images/I/61qKd90EnSL._AC_UL320_.jpg
N/A,0.0,5.0,0.0,N/A,https://www.amazon.in/Anime-Wallpapers-Backgrounds-Cool-Girls/dp/B0D14TPM6H/ref=sr_1_301,https://m.media-amazon.com/images/I/81YjUKLx7mL._AC_UL320_.png
N/A,0.0,0.0,0.0,N/A,https://www.amazon.in/Wallpaper-Mart-Mackbook-Design67-Self-Adhesive/dp/B0D3X2L8XZ/ref=sr_1_305,https://m.media-amazon.com/images/I/71Y0pWkJXeL._AC_UL320_.jpg
N/A,0.0,0.0,0.0,N/A,https://www.amazon.in/Anime-Status-Wallpapers-Quotes-Backgrounds/dp/B0CZK4RQ2R/ref=sr_1_307,https://m.media-amazon.com/images/I/81SYlUEMXuL._AC_UL320_.png
N/A,0.0,0.0,0.0,N/A,https://www.amazon.in/Teki-Studio-Wallpaper-Anime-HD/dp/B0CYSSNNTZ/ref=sr_1_308,https://m.media-amazon.com/images/I/51VC3OUua8L._AC_UL320_.png
N/A,0.0,0.0,0.0,N/A,https://www.amazon.in/Souundy-Anime-Wallpapers/dp/B0CYHLYBRJ/ref=sr_1_313,https://m.media-amazon.com/images/I/71uNxaPopLL._AC_UL320_.png
N/A,0.0,5.0,0.0,N/A,https://www.amazon.in/Anime-Girl-Wallpapers-HD-4K/dp/B0D12LGGWJ/ref=sr_1_302,https://m.media-amazon.com/images/I/71jF0MzKpgL._AC_UL320_.png
INKLICK Set of 6 anime wall posters and color medium Wall Posters Set of 6 posters for Home Office Decor (Anime-A-4),169.0,4.5,0.0,In stock,https://www.amazon.in/INKLICK-posters-medium-Posters-Office/dp/B0DD7991PD/ref=sr_1_293,https://m.media-amazon.com/images/I/812euFijUxL._AC_UL320_.jpg
"ANIMATION VIBES Mix Anime PEEL N STICK Self Adhesive Wall Poster For Room, Bedroom, Living Room consisting Naruto, Your Name, Demon Slayer, AOT, One Punch Man, Jujutsu Kaisen, Bleach, Chainsaw Man, Dragon Ball and More (Pack of 20)",1455.0,5.0,1.0,,https://www.amazon.in/ANIMATION-Adhesive-Bedroom-consisting-Chainsaw/dp/B0DY1XYFQW/ref=sr_1_293,https://m.media-amazon.com/images/I/61smlVJYswL._AC_UL320_.jpg
Posters Inc Motivational Anime Posters Pack of 6 A4 Size 300 GSM Matte Paper Glue Dots Included Naruto Gojo Manga Zoro Wall Decoration An137,189.0,0.0,0.0,In stock,https://www.amazon.in/Posters-Inc-Motivational-Included-Decoration/dp/B0F1KRWM5X/ref=sr_1_295,https://m.media-amazon.com/images/I/61B0UlkOB9L._AC_UL320_.jpg
Epic Stuff Blue Lock - Nagi Seishiro Design A4 Size Poster (With Frame) - Best Gift For Blue Lock Fans/Best Artefact To Your Home & Decor/For Anime Fandom,399.0,5.0,1.0,Only 2 left in stock.,https://www.amazon.in/Epic-Stuff-Blue-Lock-Seishiro/dp/B0BXF11FQ3/ref=sr_1_299,https://m.media-amazon.com/images/I/81KDrV8RVVL._AC_UL320_.jpg
N/A,0.0,0.0,0.0,N/A,https://www.amazon.in/Souundy-Cute-Anime-Wallpapers/dp/B0CXCJBW2L/ref=sr_1_314,https://m.media-amazon.com/images/I/81Q65RVOazL._AC_UL320_.png
